trade_number,date,ibit_buy_price,ibit_sell_price,ibit_overnight_return,spy_open,spy_close,spy_day_return,spy_traded,combined_return,portfolio_value_before,portfolio_value_after
1,2024-01-12 05:00:00,24.969999313354492,24.700000762939453,-0.0110107354496388,467.6901735377371,466.5548095703125,-0.002467598507867729,True,-0.01347833395750653,10000.0,9865.216660424934
2,2024-01-16 05:00:00,24.719999313354492,24.350000381469727,-0.0151645815300338,465.1649566213452,464.8419494628906,-0.0007343927178020586,True,-0.01589897424783586,9865.216660424934,9708.369834791518
3,2024-01-17 05:00:00,24.40999984741211,24.350000381469727,-0.0026574756031488,461.79803875549055,462.258056640625,0.0009561451685116726,True,-0.001701330434637127,9708.369834791518,9691.852689720874
4,2024-01-18 05:00:00,23.34000015258789,23.489999771118164,0.006225453615216,463.9415627651874,466.3688659667969,0.005191915819617927,True,0.011417369434833928,9691.852689720874,9802.508152387405
5,2024-01-19 05:00:00,23.799999237060547,23.200000762939453,-0.0254049592311977,467.50418137026986,472.1826477050781,0.00996732511331883,True,-0.01543763411787887,9802.508152387405,9651.180618093324
6,2024-01-22 05:00:00,22.950000762939453,22.190000534057617,-0.0333088348505616,473.7291329004626,473.1810302734375,-0.0011969958209436969,True,-0.0345058306715053,9651.180618093324,9318.158613905282
7,2024-01-23 05:00:00,22.31999969482422,22.81999969482422,0.02219697415723,473.7291139705338,474.56103515625,0.0017161115860993331,True,0.023913085743329333,9318.158613905282,9540.984539809542
8,2024-01-24 05:00:00,22.600000381469727,22.86000061035156,0.0113021540532137,477.44838331115716,475.0798034667969,-0.005000912901063611,True,0.00630124115215009,9540.984539809542,9601.104584223818
9,2024-01-25 05:00:00,22.760000228881836,23.520000457763672,0.0331852676426955,477.22327333358226,477.6637268066406,0.0008829505300142586,True,0.03406821817270976,9601.104584223818,9928.197109898158
10,2024-01-26 05:00:00,23.989999771118164,23.989999771118164,-0.0001999800019997,477.23305420109756,477.056884765625,-0.00040914759763963136,True,-0.0006091275996393314,9928.197109898158,9922.149571023858
11,2024-01-29 05:00:00,24.670000076293945,24.84000015258789,0.0066896056953134,477.37011471599084,480.83489990234375,0.007218068906165755,True,0.013907674601479155,9922.149571023858,10060.143598604864
12,2024-01-30 05:00:00,24.8799991607666,24.3799991607666,-0.0202924248115355,480.1400055032823,480.4630126953125,0.0006327354278501375,True,-0.019659689383685362,10060.143598604864,9862.364300301022
13,2024-01-31 05:00:00,24.299999237060547,24.209999084472656,-0.0039029494333716,478.24117450333114,472.62310791015625,-0.011787350275746188,True,-0.01569029970911779,9862.364300301022,9707.620848588795
14,2024-02-01 05:00:00,24.540000915527344,24.38999938964844,-0.0063112890068242,474.3359632749418,478.80889892578125,0.00938988935512529,True,0.00307860034830109,9707.620848588795,9737.506733514434
15,2024-02-02 05:00:00,24.5,24.75,0.0100020610183879,479.24933857263767,483.8495178222656,0.00955871799370408,True,0.01956077901209198,9737.506733514434,9927.979950857467
16,2024-02-05 05:00:00,24.190000534057617,24.469999313354492,0.0113726855192884,483.2132736155175,482.0876770019531,-0.0023693992011899535,True,0.009003286318098446,9927.979950857467,10017.364396915378
17,2024-02-06 05:00:00,24.600000381469727,24.65999984741211,0.0022385348890102,483.0371150914819,483.48736572265625,0.0008921242966787003,True,0.0031306591856889,10017.364396915378,10048.725350780975
18,2024-02-07 05:00:00,25.219999313354492,25.7549991607666,0.0210090950457666,485.74825471838733,487.5198059082031,0.0036070562119525323,True,0.024616151257719134,10048.725350780975,10296.086293963077
19,2024-02-08 05:00:00,26.030000686645508,26.850000381469727,0.0312958205995046,487.5198097885674,487.7351379394531,0.00040168082314260157,True,0.031697501422647205,10296.086293963077,10622.44650391367
20,2024-02-09 05:00:00,27.149999618530273,27.530000686645508,0.0137935773033036,488.2440686246988,490.553955078125,0.004691007710821276,True,0.018484585014124876,10622.44650391367,10818.798019373256
21,2024-02-12 05:00:00,28.65999984741211,27.969999313354492,-0.0242705505331342,490.5246201484485,490.3386535644531,-0.0004191177371261954,True,-0.024689668270260395,10818.798019373256,10551.68548519198
22,2024-02-13 05:00:00,28.219999313354492,29.579999923706055,0.047983176288274,484.0256585499092,483.585205078125,-0.0009499795930318589,True,0.04703319669524214,10551.68548519198,11047.964984083346
23,2024-02-14 05:00:00,29.549999237060547,29.9950008392334,0.0148562847099655,486.23763824813125,487.9798278808594,0.0035430003596699624,True,0.018399285069635462,11047.964984083346,11251.239641264847
24,2024-02-15 05:00:00,29.520000457763672,29.857999801635746,0.0112475723530927,488.6845458033632,491.3467712402344,0.0054077381364590555,True,0.016655310489551756,11251.239641264847,11438.632530882465
25,2024-02-16 05:00:00,29.6200008392334,29.8799991607666,0.0085760605011466,491.0433562248227,488.8998718261719,-0.004405163221288776,True,0.004170897279857824,11438.632530882465,11486.341892190816
26,2024-02-20 05:00:00,29.670000076293945,29.05500030517578,-0.0209238351378812,487.1479132312173,486.20831298828125,-0.001968778133737087,True,-0.02289261327161829,11486.341892190816,11223.389509347304
27,2024-02-21 05:00:00,29.079999923706055,29.170000076293945,0.0028943169234909,484.8967856125797,486.64874267578125,0.0035730515094841227,True,0.006467368432975023,11223.389509347304,11295.975304371039
28,2024-02-22 05:00:00,29.719999313354492,29.260000228881836,-0.0156746470437371,493.30426441514726,496.7201232910156,0.006884446274386352,True,-0.008790200769350748,11295.975304371039,11196.681413559989
29,2024-02-23 05:00:00,29.15999984741211,29.34000015258789,0.0059716355554799,498.45253453500476,497.0627136230469,-0.0028282713310995933,True,0.003143364224380307,11196.681413559989,11231.876661347158
30,2024-02-26 05:00:00,31.1200008392334,32.529998779296875,0.0450993750961966,497.50311808383964,495.2421875,-0.004584555605093965,True,0.04051481949110264,11231.876661347158,11686.934116827968
31,2024-02-27 05:00:00,32.59000015258789,34.40999984741211,0.0556341937556556,495.9371665232225,496.1622619628906,0.00041387894850903315,True,0.056048072704164634,11686.934116827968,12341.964249896722
32,2024-02-28 05:00:00,34.45000076293945,36.20500183105469,0.0507332584345501,494.5962317481148,495.5065002441406,0.00180042747921581,True,0.052533685913765914,12341.964249896722,12990.333123359726
33,2024-02-29 05:00:00,35.41999816894531,35.650001525878906,0.0062923230118222,497.2780134844277,497.28778076171875,-2.0358517718014134e-05,True,0.006271964494104186,12990.333123359726,13071.808031476025
34,2024-03-01 05:00:00,35.9900016784668,37.41999816894531,0.0395252340324552,498.1686893218357,501.9564514160156,0.007563372462721936,True,0.047088606495177134,13071.808031476025,13687.341256050697
35,2024-03-04 05:00:00,38.650001525878906,38.665000915527344,0.0001880249004171,501.1539580871736,501.4181823730469,0.0004872317650284554,True,0.0006752566654455554,13687.341256050697,13696.583724466072
36,2024-03-05 05:00:00,35.31999969482422,38.15999984741211,0.0801916460989422,499.40192116874573,496.40692138671875,-0.006037173128645179,True,0.07415447297029701,13696.583724466072,14712.246672047402
37,2024-03-06 05:00:00,38.290000915527344,38.5,0.0052833598735598,499.705327910019,498.9223327636719,-0.0016069137441898505,True,0.003676446129369949,14712.246672047402,14766.335454379187
38,2024-03-07 05:00:00,38.630001068115234,38.935001373291016,0.0076938668212621,502.24036725780826,503.8748779296875,0.0032144390663051176,True,0.010908305887567218,14766.335454379187,14927.411158353983
39,2024-03-08 05:00:00,39.54999923706055,41.310001373291016,0.0442918077336332,504.51113438191135,500.8505554199219,-0.007295695092783503,True,0.0369961126408497,14927.411158353983,15479.667343004725
40,2024-03-11 04:00:00,41.119998931884766,41.279998779296875,0.0036902888403533,499.6368656493673,500.41986083984375,0.0015271285373604842,True,0.005217417377713784,15479.667343004725,15560.431228401345
41,2024-03-12 04:00:00,40.72999954223633,41.52000045776367,0.0191921864605513,502.5437557737152,505.80303955078125,0.006445572131023842,True,0.02563775859157514,15560.431228401345,15959.365807815908
42,2024-03-13 04:00:00,41.95000076293945,41.459999084472656,-0.0118782560215549,506.1259923365137,505.01019287109375,-0.0022445883481876073,True,-0.014122844369742508,15959.365807815908,15733.974168272332
43,2024-03-14 04:00:00,39.5099983215332,38.689998626708984,-0.0209500621612488,505.988954188999,504.01190185546875,-0.003947303345582079,True,-0.02489736550683088,15733.974168272332,15342.23966252982
44,2024-03-15 04:00:00,39.38999938964844,38.810001373291016,-0.0149215346437432,500.92411414325824,500.551025390625,-0.0007848009430956199,True,-0.01570633558683882,15342.23966252982,15101.269297736419
45,2024-03-18 04:00:00,38.13999938964844,36.349998474121094,-0.0471229737036306,504.64517575188347,503.5259094238281,-0.0022579273315904056,True,-0.049380901035221005,15101.269297736419,14355.555013038676
46,2024-03-19 04:00:00,36.70000076293945,36.18000030517578,-0.0143660960037218,502.82889109663125,506.3240966796875,0.006911083449945511,True,-0.00745501255377629,14355.555013038676,14248.534170200046
47,2024-03-20 04:00:00,37.54999923706055,38.60499954223633,0.0278902822521629,506.38296288618443,511.0072021484375,0.009091901349715083,True,0.03698218360187798,14248.534170200046,14775.476076940016
48,2024-03-21 04:00:00,37.150001525878906,36.599998474121094,-0.0150019460736125,513.8643283108137,512.6959838867188,-0.0023136437610595264,True,-0.017315589834672025,14775.476076940016,14519.629993579714
49,2024-03-22 04:00:00,36.40999984741211,38.20000076293945,0.0489525319079358,512.6075219273547,511.72393798828125,-0.0017637045912850756,True,0.04718882731665073,14519.629993579714,15204.79430604841
50,2024-03-25 04:00:00,40.54999923706055,40.45000076293945,-0.0026655405027916,510.3396035020047,510.3101806640625,-9.765344829267399e-05,True,-0.002763193951084274,15204.79430604841,15162.780510394457
51,2024-03-26 04:00:00,39.630001068115234,40.90999984741211,0.0320922927874668,511.7435537767085,509.36761474609375,-0.00468283138122625,True,0.02740946140624055,15162.780510394457,15578.384157605411
52,2024-03-27 04:00:00,39.130001068115234,40.560001373291016,0.0363375690571768,512.2148648432812,513.6482543945312,0.002758414590503081,True,0.03909598364767988,15578.384157605411,16187.436409888427
53,2024-03-28 04:00:00,40.470001220703125,39.9900016784668,-0.0120582339543473,513.6875762388729,513.5501098632812,-0.0003076069695867691,True,-0.01236584092393407,16187.436409888427,15987.265146277448
54,2024-04-01 04:00:00,39.75,37.02000045776367,-0.0688654792956454,514.2963264415365,512.6566772460938,-0.0032281409824325225,True,-0.07209362027807793,15987.265146277448,14834.68532353677
55,2024-04-02 04:00:00,37.599998474121094,37.5,-0.0028589821425144,508.80800930472697,509.3971252441406,0.0011178354283743904,True,-0.0017411467141400096,14834.68532353677,14808.855959930394
56,2024-04-03 04:00:00,37.540000915527344,38.40999984741211,0.0229706360950512,508.2974512119765,509.9566955566406,0.0032243176563404486,True,0.026194953751391647,14808.855959930394,15196.77325691179
57,2024-04-04 04:00:00,39.08000183105469,38.15999984741211,-0.0237367752565261,513.9919072090371,503.7320861816406,-0.020001055579857346,True,-0.04373783083638345,15196.77325691179,14532.099358942107
58,2024-04-05 04:00:00,38.40999984741211,41.150001525878906,0.071121387970102,505.09688091051737,508.9945983886719,0.007676772020306776,True,0.07879815999040879,14532.099358942107,15677.202049224545
59,2024-04-08 04:00:00,40.95000076293945,40.290000915527344,-0.0163139689726299,509.7014930900916,509.2792663574219,-0.0008683804116601083,True,-0.017182349384290006,15677.202049224545,15407.830886246662
60,2024-04-09 04:00:00,39.33000183105469,38.58000183105469,-0.0192655782752859,511.02683330828006,509.8683166503906,-0.0023070368410782723,True,-0.02157261511636417,15407.830886246662,15075.443680759634
61,2024-04-10 04:00:00,40.0,40.349998474121094,0.0085482320336387,504.1346036402,504.7629699707031,0.0012064257084633508,True,0.009754657742102052,15075.443680759634,15222.49947417578
62,2024-04-11 04:00:00,40.16999816894531,40.0,-0.0044311022439356,506.29457417860783,508.5723571777344,0.004458928322156973,True,2.7826078221372848e-05,15222.49947417578,15222.923056636873
63,2024-04-12 04:00:00,38.13999938964844,37.779998779296875,-0.0096370178412418,505.0084151327042,501.552490234375,-0.0068833016060159714,True,-0.01652031944725777,15222.923056636873,14971.435504820207
64,2024-04-15 04:00:00,36.08000183105469,36.040000915527344,-0.0013084310583895,505.7546290584108,495.2690124511719,-0.020772616183386234,True,-0.022081047241775734,14971.435504820207,14640.850530161073
65,2024-04-16 04:00:00,35.75,35.56999969482422,-0.0052339466793253,495.7500641672951,494.36572265625,-0.002832418218584277,True,-0.008066364897909576,14640.850530161073,14522.752087369041
66,2024-04-17 04:00:00,34.7599983215332,35.58000183105469,0.0233857382030017,496.8398101510921,491.4399108886719,-0.010908491517976515,True,0.012477246685025183,14522.752087369041,14703.956047708609
67,2024-04-18 04:00:00,36.209999084472656,36.95000076293945,0.0202323235504992,492.8439604399473,490.4287109375,-0.004940637313869635,True,0.015291686236629564,14703.956047708609,14928.804330027358
68,2024-04-19 04:00:00,36.66999816894531,37.66999816894531,0.0270648160143987,490.3501739150544,486.1480712890625,-0.008609595463669349,True,0.018455220550729352,14928.804330027358,15204.318706496697
69,2024-04-22 04:00:00,37.93000030517578,37.709999084472656,-0.0059990104024437,488.7694751922515,490.6250915527344,0.003756506235895766,True,-0.0022425041665479336,15204.318706496697,15170.222958447855
70,2024-04-23 04:00:00,37.900001525878906,37.630001068115234,-0.0073225776854659,492.64758250516905,496.4471435546875,0.007672533633469273,True,0.0003499559480033736,15170.222958447855,15175.531868204702
71,2024-04-24 04:00:00,36.40999984741211,35.939998626708984,-0.0131059737352424,497.34058128634894,496.2115173339844,-0.0023102027440517485,True,-0.015416176479294148,15175.531868204702,14941.583190757305
72,2024-04-25 04:00:00,36.86000061035156,36.349998474121094,-0.0140334074995308,490.09486089536534,494.326416015625,0.008594155258288024,True,-0.005439252241242776,14941.583190757305,14860.312150899263
73,2024-04-26 04:00:00,36.31999969482422,35.59000015258789,-0.020295067090627,497.1344020871228,499.0096435546875,0.003732101588004907,True,-0.016562965502622092,14860.312150899263,14614.181313385723
74,2024-04-29 04:00:00,35.869998931884766,34.810001373291016,-0.0297451601480136,500.80633878668806,500.7768859863281,-9.881075792948172e-05,True,-0.029843970905943082,14614.181313385723,14178.036111454863
75,2024-04-30 04:00:00,33.56999969482422,32.81999969482422,-0.0225368886053713,499.30419429336763,492.8439636230469,-0.012978466658513642,True,-0.03551535526388494,14178.036111454863,13674.498122012354
76,2024-05-01 04:00:00,32.38999938964844,33.45000076293945,0.0325196684754548,492.2548440181232,491.24359130859375,-0.002094327594371478,True,0.030425340881083323,13674.498122012354,14090.549388752313
77,2024-05-02 04:00:00,33.79999923706055,34.900001525878906,0.0323379589087375,494.9744511698694,495.83843994140625,0.0017055219547086411,True,0.03404348086344614,14090.549388752313,14570.240737223747
78,2024-05-03 04:00:00,35.400001525878906,36.2400016784668,0.0235240915560689,501.85688879465766,501.9845275878906,0.0002143330500842972,True,0.023738424606153198,14570.240737223747,14916.115298457835
79,2024-05-06 04:00:00,36.0099983215332,36.209999084472656,0.0053529435222123,504.39968265724644,507.1683654785156,0.005449065351277347,True,0.010802008873489647,14916.115298457835,15077.239308269773
80,2024-05-07 04:00:00,35.93000030517578,35.34000015258789,-0.0166175185309716,508.1403970755998,507.7280578613281,-0.0008514670997321825,True,-0.017468985630703784,15077.239308269773,14813.855231442925
81,2024-05-08 04:00:00,35.380001068115234,34.939998626708984,-0.0126339663342837,505.8822025637304,507.7770690917969,0.003705667506118205,True,-0.008928298828165496,14813.855231442925,14681.592705139421
82,2024-05-09 04:00:00,35.58000183105469,35.79999923706055,0.0059819592786268,507.96368047697825,510.702880859375,0.00535251227533558,True,0.01133447155396238,14681.592705139421,14848.000800022684
83,2024-05-10 04:00:00,34.58000183105469,35.779998779296875,0.0344951301576715,512.3131266946492,511.3608093261719,-0.0018988580281389942,True,0.032596272129532505,14848.000800022684,15331.99027467974
84,2024-05-13 04:00:00,36.0,35.34000015258789,-0.0185296427975915,513.0493455868614,511.4293518066406,-0.0031975788842838844,True,-0.021727221681875384,15331.99027467974,14998.868723157417
85,2024-05-14 04:00:00,35.06999969482422,36.66999816894531,0.0454138928335659,511.62573471479726,513.77587890625,0.004162572399238917,True,0.04957646523280482,14998.868723157417,15742.459616942433
86,2024-05-15 04:00:00,37.66999816894531,37.6349983215332,-0.0011289115083305,516.2598787440616,520.1380004882812,0.007471956485276858,True,0.006343044976946358,15742.459616942433,15842.31474634046
87,2024-05-16 04:00:00,37.150001525878906,37.84000015258789,0.0183696192563387,520.2362155508131,519.06787109375,-0.0022857960867373904,True,0.01608382316960131,15842.31474634046,16097.119735317767
88,2024-05-17 04:00:00,38.279998779296875,38.209999084472656,-0.002028237539013,519.1855985309879,519.81396484375,0.001170292262612835,True,-0.0008579452764001651,16097.119735317767,16083.309287477203
89,2024-05-20 04:00:00,39.970001220703125,40.46500015258789,0.0121818045084554,519.9318304224834,520.4129028320312,0.0008852605464777653,True,0.013067065054933165,16083.309287477203,16293.470936235279
90,2024-05-21 04:00:00,39.470001220703125,39.77000045776367,0.0073991898469029,519.6471690225495,521.6892700195312,0.003889783743117276,True,0.011288973590020176,16293.470936235279,16477.4074993242
91,2024-05-22 04:00:00,39.709999084472656,39.5099983215332,-0.0052355068566118,520.9922170155929,520.1871337890625,-0.0015852883944067295,True,-0.006820795251018529,16477.4074993242,16365.018476503712
92,2024-05-23 04:00:00,38.27000045776367,38.43000030517578,0.0039800003671891,523.2601735572039,516.3875732421875,-0.013174193394263827,True,-0.009194193027074728,16365.018476503712,16214.555337739093
93,2024-05-24 04:00:00,39.459999084472656,38.97999954223633,-0.0123617530141982,518.2430499857159,519.8041381835938,0.0029722703969130336,True,-0.009389482617285165,16214.555337739093,16062.309052248385
94,2024-05-28 04:00:00,38.97999954223633,38.65999984741211,-0.0084076686895777,520.6191300630942,520.16748046875,-0.0009075240079815236,True,-0.009315192697559224,16062.309052248385,15912.685548258942
95,2024-05-29 04:00:00,38.31999969482422,38.875,0.0142804302441565,516.1125631654163,516.52490234375,0.0007589326510572445,True,0.015039362895213746,15912.685548258942,16152.00220085663
96,2024-05-30 04:00:00,39.15999984741211,39.16999816894531,5.5288693296245835e-05,514.9736598824827,513.098388671875,-0.003681489568681328,True,-0.0036262008753850826,16152.00220085663,16093.431796336661
97,2024-05-31 04:00:00,38.54999923706055,39.779998779296875,0.0317002428582686,514.0606172250209,517.7717895507812,0.0071793282297987135,True,0.03887957108806731,16093.431796336661,16719.137521913297
98,2024-06-03 04:00:00,39.439998626708984,39.59000015258789,0.003602543674355,519.3917967524706,518.1939697265625,-0.0023462109055197686,True,0.0012563327688352314,16719.137521913297,16740.14232224874
99,2024-06-04 04:00:00,40.16999816894531,40.58000183105469,0.0100046923470546,516.8784486240833,518.7733154296875,0.0036259814520189864,True,0.013630673799073586,16740.14232224874,16968.32174159338
100,2024-06-05 04:00:00,40.66999816894531,40.58000183105469,-0.0024123808988233,521.1100415661092,524.9390258789062,0.007307746171403019,True,0.004895365272579719,16968.32174159338,17051.387874581134
101,2024-06-06 04:00:00,40.15999984741211,40.689998626708984,0.0129945616352824,525.2432602887892,524.9290771484375,-0.0006381669144673223,True,0.012356394720815077,17051.387874581134,17262.081553697182
102,2024-06-07 04:00:00,39.41999816894531,39.46500015258789,0.0009413945854106,523.9473496782516,524.291015625,0.0006159169484480226,True,0.0015573115338586227,17262.081553697182,17288.96399239916
103,2024-06-10 04:00:00,39.59000015258789,38.290000915527344,-0.0330299688426428,523.4760441854506,525.910888671875,0.004611300691730949,True,-0.028418668150911854,17288.96399239916,16797.634662026103
104,2024-06-11 04:00:00,38.43000030517578,39.4900016784668,0.0273771572813306,524.3499016107278,527.177490234375,0.005352560606879621,True,0.03272971788821022,16797.634662026103,17347.416505703437
105,2024-06-12 04:00:00,38.45000076293945,38.779998779296875,0.0083808266769809,531.7723683741217,531.5072631835938,-0.0005385313383967253,True,0.007842295338584174,17347.416505703437,17483.460069302593
106,2024-06-13 04:00:00,37.900001525878906,38.36000061035156,0.011934771326197,533.26466452504,532.577392578125,-0.0013288008387487861,True,0.010605970487448215,17483.460069302593,17668.889130816096
107,2024-06-14 04:00:00,37.29999923706055,37.3849983215332,0.0020783601613732,531.0359842688257,532.9014282226562,0.003472839071346638,True,0.005551199232719838,17668.889130816096,17766.972654602094
108,2024-06-17 04:00:00,37.97999954223633,36.94900131225586,-0.0273403713494528,532.2141659312891,537.1427612304688,0.009220548881774634,True,-0.018119822467678164,17766.972654602094,17445.03826431261
109,2024-06-18 04:00:00,36.63999938964844,37.220001220703125,0.0156265989266882,537.2016355735989,538.5074462890625,0.0023907645937625227,True,0.018017363520450722,17445.03826431261,17759.351860348906
110,2024-06-20 04:00:00,37.040000915527344,36.209999084472656,-0.022603755022939,539.4402111706817,537.0446166992188,-0.0044808896887090525,True,-0.027084644711648054,17759.351860348906,17278.34612490221
111,2024-06-21 04:00:00,36.58000183105469,34.869998931884766,-0.0469375646714271,536.2162529799443,536.3245849609375,0.00016203039425069933,True,-0.0467755342771764,17278.34612490221,16470.14225348393
112,2024-06-24 04:00:00,33.76499938964844,34.8849983215332,0.0329637983109779,536.1473013161042,534.5811767578125,-0.0029610714190806183,True,0.03000272689189728,16470.14225348393,16964.291433385904
113,2024-06-25 04:00:00,35.29999923706055,35.029998779296875,-0.0078471887528763,535.8123714938099,536.6397705078125,0.0015041954273953399,True,-0.00634299332548096,16964.291433385904,16856.687046052422
114,2024-06-26 04:00:00,34.709999084472656,35.08000183105469,0.0104577198882175,535.5168616178127,537.3095092773438,0.003307509271912477,True,0.013765229160129977,16856.687046052422,17088.72320612193
115,2024-06-27 04:00:00,34.97999954223633,35.029998779296875,0.0012291005831117,537.1715879191873,538.1565551757812,0.0017936175604694937,True,0.0030227181435811936,17088.72320612193,17140.37759980771
116,2024-06-28 04:00:00,34.13999938964844,35.81999969482422,0.0489993278111306,538.934685684169,536.0388793945312,-0.0054132045209923894,True,0.04358612329013821,17140.37759980771,17887.46021111245
117,2024-07-01 04:00:00,36.0,35.81999969482422,-0.0051989885773996,537.4277087162804,537.14208984375,-0.0005714554272102734,True,-0.005770444004609874,17887.46021111245,17784.24162357954
118,2024-07-02 04:00:00,35.220001220703125,34.349998474121094,-0.0248969911684764,535.5267231112665,540.7568969726562,0.009726410592927722,True,-0.015170580575548678,17784.24162357954,17514.444353054
119,2024-07-03 04:00:00,34.439998626708984,31.674999237060547,-0.0804684630245592,540.4417262410547,543.1701049804688,0.005008423552324217,True,-0.075460039472235,17514.444353054,16192.803690838282
120,2024-07-05 04:00:00,32.20000076293945,32.599998474121094,0.0122198246614474,543.4754556350376,546.3023071289062,0.005161433596601912,True,0.01738125825804931,16192.803690838282,16474.254993710634
121,2024-07-08 04:00:00,32.15999984741211,32.619998931884766,0.0141006137802427,547.0902465409208,546.9326782226562,-0.0003280115652962578,True,0.013772602214946443,16474.254993710634,16701.148354526606
122,2024-07-09 04:00:00,32.959999084472656,33.060001373291016,0.0028334633577587,547.8979265962074,547.4645385742188,-0.0008310013908631979,True,0.002002461966895502,16701.148354526606,16734.591768910024
123,2024-07-10 04:00:00,32.66999816894531,33.52000045776367,0.0258126417607635,548.6957250344957,552.8818359375,0.0075892026928788825,True,0.03340184445364239,16734.591768910024,17293.55800017036
124,2024-07-11 04:00:00,32.70000076293945,32.79999923706055,0.0028574656889296,553.0000838317138,548.1146240234375,-0.00887446486015912,True,-0.00601699917122952,17293.55800017036,17189.502676015723
125,2024-07-12 04:00:00,32.849998474121094,35.790000915527344,0.0892799176006677,549.2473907163162,551.5718994140625,0.004192170670332587,True,0.09347208827100029,17189.502676015723,18796.24138748286
126,2024-07-15 04:00:00,36.150001525878906,36.42499923706055,0.0074056273433271,553.5811677028757,553.0886840820312,-0.0009296321796640797,True,0.006475995163663021,18796.24138748286,18917.96575580324
127,2024-07-16 04:00:00,37.16999816894531,36.869998931884766,-0.0082693708545156,554.4085769027762,556.36865234375,0.003495434916833075,True,-0.004773935937682525,18917.96575580324,18827.652599213765
128,2024-07-17 04:00:00,36.84000015258789,36.994998931884766,0.0040065287384676,550.3997127297722,548.5676879882812,-0.003368535061191824,True,0.0006379936772757762,18827.652599213765,18839.66452253001
129,2024-07-18 04:00:00,36.220001220703125,36.560001373291016,0.0091852256274906,550.1140843965545,544.3519897460938,-0.0105143630710373,True,-0.0013291374435467004,18839.66452253001,18814.624018989256
130,2024-07-19 04:00:00,38.400001525878906,38.560001373291016,0.0039658492762751,544.1156132058904,540.7371826171875,-0.006249030777112732,True,-0.0022831815008376322,18814.624018989256,18771.666817483885
131,2024-07-22 04:00:00,38.93000030517578,37.95000076293945,-0.0253683220067556,544.686974560121,546.3121948242188,0.0029437692840189864,True,-0.022424552722736614,18771.666817483885,18350.720585241572
132,2024-07-23 04:00:00,37.34000015258789,37.9900016784668,0.0172041853948079,546.2037859358935,545.4552612304688,-0.001410412883796102,True,0.015793772511011796,18350.720585241572,18640.547691578016
133,2024-07-24 04:00:00,37.41999816894531,36.619998931884766,-0.021574627045016,540.6092398315848,533.0939331054688,-0.013941550643968379,True,-0.03551617768898438,18640.547691578016,17978.506687543944
134,2024-07-25 04:00:00,36.83000183105469,38.459999084472656,0.0440484915033654,533.2120908102739,530.3162841796875,-0.005470872031026043,True,0.038577619472339356,17978.506687543944,18672.074677216922
135,2024-07-26 04:00:00,38.790000915527344,39.72999954223633,0.0240281876597734,534.1280514615765,536.2555541992188,0.0039431323814964414,True,0.02797132004126984,18672.074677216922,19194.357253847847
136,2024-07-29 04:00:00,38.34000015258789,37.97999954223633,-0.0095877894959046,537.8118692092069,536.57080078125,-0.0023476255824954476,True,-0.011935415078400048,19194.357253847847,18965.264632860075
137,2024-07-30 04:00:00,37.54999923706055,37.869998931884766,0.0083202785275621,538.0483268975827,533.8523559570312,-0.007838501976106199,True,0.0004817765514559015,18965.264632860075,18974.401652652345
138,2024-07-31 04:00:00,37.18000030517578,36.79999923706055,-0.0104185134173419,540.7273391659687,542.5298461914062,0.003293486019437757,True,-0.007125027397904143,18974.401652652345,18839.20852101836
139,2024-08-01 04:00:00,36.06999969482422,36.93000030517578,0.0236377975056935,544.2633919827645,534.8471069335938,-0.017340970794429072,True,0.006296826711264428,18839.20852101836,18957.83575245259
140,2024-08-02 04:00:00,35.61000061035156,28.350000381469727,-0.2040345278708796,527.6962318838754,524.8890991210938,-0.005359599787097534,True,-0.20939412765797716,18957.83575245259,14988.176272784569
141,2024-08-05 04:00:00,30.479999542236328,31.43000030517578,0.0309617915219406,503.948713970534,509.6024169921875,0.011178806328740938,True,0.04214059785068154,14988.176272784569,15619.786981611109
142,2024-08-06 04:00:00,32.34000015258789,32.650001525878906,0.0093837979124527,511.41465231478685,514.3006591796875,0.005603183768470229,True,0.014986981680922929,15619.786981611109,15853.880442964433
143,2024-08-07 04:00:00,31.190000534057617,32.90999984741211,0.0549348490599814,520.525655759712,510.8631286621094,-0.018603017962102286,True,0.036331831097879116,15853.880442964433,16429.880949464186
144,2024-08-08 04:00:00,33.880001068115234,34.40999984741211,0.0154403025668996,516.0341826136271,522.6729125976562,0.012824903542639576,True,0.028265206109539177,16429.880949464186,16894.274920855984
145,2024-08-09 04:00:00,34.599998474121094,33.93000030517578,-0.0195602173503097,521.8455333050815,524.9777221679688,0.005962137918187549,True,-0.01359807943212215,16894.274920855984,16664.545228534076
146,2024-08-12 04:00:00,33.63999938964844,33.56999969482422,-0.0022804109637983,526.1794728639009,525.2536010742188,-0.0017996121426834663,True,-0.0040800231064817664,16664.545228534076,16596.553498942645
147,2024-08-13 04:00:00,34.63999938964844,34.6349983215332,-0.000344323769024,528.464603597231,533.8917236328125,0.010229599891155274,True,0.009885276122131274,16596.553498942645,16760.61501295542
148,2024-08-14 04:00:00,33.560001373291016,33.720001220703125,0.0045666422893095,534.6894941203759,535.5759887695312,0.0016179615999632108,True,0.006184603889272711,16760.61501295542,16864.272777751146
149,2024-08-15 04:00:00,32.5,33.36000061035156,0.0262562854573166,541.2395796214291,544.7559204101562,0.006456828615502641,True,0.03271311407281924,16864.272777751146,17415.95565688486
150,2024-08-16 04:00:00,34.029998779296875,33.470001220703125,-0.0166526861543575,543.1306638977313,545.9772338867188,0.005201040836397004,True,-0.011451645317960495,17415.95565688486,17216.514309828886
151,2024-08-19 04:00:00,33.619998931884766,34.52000045776367,0.0265644926975688,546.3909252667271,551.1975708007812,0.008757081561535334,True,0.035321574259104135,17216.514309828886,17824.628698506436
152,2024-08-20 04:00:00,33.91999816894531,33.880001068115234,-0.0013789040694657,550.7445168615222,550.30126953125,-0.0008448147856253498,True,-0.0022237188550910496,17824.628698506436,17784.99173558457
153,2024-08-21 04:00:00,35.130001068115234,34.65999984741211,-0.0135762172798451,551.3551236817697,552.1923217773438,0.0014784371371821942,True,-0.012097780142662906,17784.99173558457,17569.83281572839
154,2024-08-22 04:00:00,34.349998474121094,34.80500030517578,0.0130434220357128,554.1032400719556,547.8585205078125,-0.011309956774358827,True,0.0017334652613539732,17569.83281572839,17600.289510562252
155,2024-08-23 04:00:00,36.279998779296875,36.34000015258789,0.0014535309195743,551.118735747865,553.6796264648438,0.004606713223246952,True,0.0060602441428212524,17600.289510562252,17706.951561980593
156,2024-08-26 04:00:00,36.09000015258789,35.560001373291016,-0.0148825177659107,554.713888571281,552.3598022460938,-0.004283784721616478,True,-0.019166302487527178,17706.951561980593,17367.574772211683
157,2024-08-27 04:00:00,35.380001068115234,34.099998474121094,-0.0363714492060001,551.0793964176761,553.1182861328125,0.0036598111858115695,True,-0.03271163802018853,17367.574772211683,16799.452952974538
158,2024-08-28 04:00:00,33.52000045776367,34.29999923706055,0.0230650195352782,552.7735150452922,549.9072265625,-0.0052252854827123715,True,0.01783973405256583,16799.452952974538,17099.150725884196
159,2024-08-29 04:00:00,33.689998626708984,33.900001525878906,0.006032163404004,551.886978283764,549.9564208984375,-0.0035381028023710966,True,0.002494060601632903,17099.150725884196,17141.797044031005
160,2024-08-30 04:00:00,33.369998931884766,33.63999938964844,0.0078895157040864,552.340192195133,555.2064208984375,0.005149245222067612,True,0.013038760926154011,17141.797044031005,17365.304837532778
161,2024-09-03 04:00:00,32.97999954223633,32.099998474121094,-0.0268775148022387,552.0445916444628,543.78076171875,-0.015009497121774198,True,-0.041887011924012896,17365.304837532778,16637.924106738923
162,2024-09-04 04:00:00,33.040000915527344,32.22999954223633,-0.0247108567203528,541.9290601155072,542.6677856445312,0.0013231406458744921,True,-0.02338771607447831,16637.924106738923,16248.801061661794
163,2024-09-05 04:00:00,31.850000381469727,32.28499984741211,0.013455042589502,542.6086263001087,541.3478393554688,-0.002363565980210903,True,0.011091476609291096,16248.801061661794,16429.02425856624
164,2024-09-06 04:00:00,30.40999984741211,31.520000457763672,0.0362938916848075,541.6729424455356,532.2369384765625,-0.017460113189282745,True,0.018833778495524752,16429.02425856624,16738.444862349683
165,2024-09-09 04:00:00,32.5099983215332,32.40999984741211,-0.0032752947232504,536.4624310089539,538.1959228515625,0.0031913387525540765,True,-8.395597069632338e-05,16738.444862349683,16737.03956996332
166,2024-09-10 04:00:00,33.0,32.33000183105469,-0.02049889462958,540.1166934123364,540.5402221679688,0.0007441430579687751,True,-0.019754751571611225,16737.03956996332,16406.403511214467
167,2024-09-11 04:00:00,32.79999923706055,32.869998931884766,0.0019337303002256,540.4515870073689,546.0855712890625,0.010384586433154142,True,0.012318316733379742,16406.403511214467,16608.50278612124
168,2024-09-12 04:00:00,33.25,32.880001068115234,-0.0113255420921539,546.6668017542191,550.6854858398438,0.007311249559565188,True,-0.004014292532588712,16608.50278612124,16541.831397409434
169,2024-09-13 04:00:00,34.040000915527344,33.310001373291016,-0.0216410357392658,551.2961105010037,553.5615234375,0.004069248901534185,True,-0.017571786837731616,16541.831397409434,16251.161862188459
170,2024-09-16 04:00:00,32.97999954223633,33.7599983215332,0.0234459510460196,553.2955282065665,554.3790283203125,0.0019182665293862892,True,0.02536421757540589,16251.161862188459,16663.359867514144
171,2024-09-17 04:00:00,34.099998474121094,34.08000183105469,-0.000786274577727,556.6049208335664,554.60546875,-0.003632228542593691,True,-0.004418503120320691,16663.359867514144,16589.732759944505
172,2024-09-18 04:00:00,34.150001525878906,36.029998779296875,0.0548401724893285,555.26554457798,552.9607543945312,-0.004190789124148628,True,0.05064938336517987,16589.732759944505,17429.992494428818
173,2024-09-19 04:00:00,36.0099983215332,35.849998474121094,-0.0046422976387281,562.4261843206043,562.3966064453125,-9.258979065410344e-05,True,-0.0047348874293822035,17429.992494428818,17347.46344207272
174,2024-09-20 04:00:00,35.79999923706055,36.060001373291016,0.0070611972757259,561.0193897436827,561.4244384765625,0.0006819870476577199,True,0.00774318432338362,17347.46344207272,17481.78804904785
175,2024-09-23 04:00:00,36.040000915527344,36.13999938964844,0.0025741174976194,562.5013387903973,562.8273315429688,0.0005395412918882151,True,0.003113658789507615,17481.78804904785,17536.220372063075
176,2024-09-24 04:00:00,36.63999938964844,36.150001525878906,-0.0135706099735211,563.6276473879294,564.4378051757812,0.0013973989487677245,True,-0.012173211024753374,17536.220372063075,17322.748260897373
177,2024-09-25 04:00:00,35.970001220703125,36.654998779296875,0.0188397906273776,564.2798167924118,563.1929931640625,-0.001966036686066898,True,0.0168737539413107,17322.748260897373,17615.048052639024
178,2024-09-26 04:00:00,36.84000015258789,37.41999816894531,0.0155405744483566,567.4808753798238,565.4258422851562,-0.0036613257288928246,True,0.011879248719463775,17615.048052639024,17824.301589661627
179,2024-09-27 04:00:00,37.38999938964844,36.41999816894531,-0.0261375904777454,566.5027553128888,564.6057739257812,-0.003388582807968509,True,-0.02952617328571391,17824.301589661627,17298.01817222845
180,2024-09-30 04:00:00,36.130001068115234,36.06999969482422,-0.0018603556577648,563.5683780406285,566.8682861328125,0.005815381921279584,True,0.003955026263514784,17298.01817222845,17366.43228840637
181,2024-10-01 04:00:00,35.130001068115234,34.630001068115234,-0.0144299827005399,566.5126532309621,561.7900390625,-0.008376290710415466,True,-0.022806273410955365,17366.43228840637,16970.36868546413
182,2024-10-02 04:00:00,34.2400016784668,34.400001525878906,0.004471978023718,560.8909490641679,562.027099609375,0.001985617541346922,True,0.006457595565064922,16970.36868546413,17079.9564630249
183,2024-10-03 04:00:00,34.720001220703125,35.040000915527344,0.0090147576142486,560.5451983588887,560.9996948242188,0.000770811450460549,True,0.009785569064709149,17079.9564630249,17247.093556616055
184,2024-10-04 04:00:00,35.52000045776367,35.90999984741211,0.0107775366799994,565.475218643551,566.09765625,0.0010607336589251437,True,0.011838270338924543,17247.093556616055,17451.269312700002
185,2024-10-07 04:00:00,36.060001373291016,35.630001068115234,-0.0121221734945468,564.4378181494166,560.9798583984375,-0.006166378566050787,True,-0.018288552060597586,17451.269312700002,17132.11086535118
186,2024-10-08 04:00:00,35.400001525878906,35.209999084472656,-0.0055662070226048,563.5683710395065,566.2853393554688,0.004781009225465946,True,-0.0007851977971388537,17132.11086535118,17118.65876963937
187,2024-10-09 04:00:00,34.68000030517578,34.7599983215332,0.0021063065507719,566.2754673649648,570.2077026367188,0.006904032539590156,True,0.009010339090362056,17118.65876963937,17272.903689926017
188,2024-10-10 04:00:00,33.95000076293945,34.939998626708984,0.0289546551011382,568.8541774674673,569.2098388671875,0.0005852242029822974,True,0.029539879304120498,17272.903689926017,17783.143180158128
189,2024-10-11 04:00:00,35.939998626708984,36.869998931884766,0.0256713154693888,569.1307190893117,572.6183471679688,0.006087991271034787,True,0.031759306740423585,17783.143180158128,18347.923479225643
190,2024-10-14 04:00:00,37.56999969482422,37.529998779296875,-0.0012644707251574,574.2386520785454,577.3014526367188,0.0052936718924910895,True,0.00402920116733369,18347.923479225643,18421.85095392629
191,2024-10-15 04:00:00,38.16999816894531,38.65999984741211,0.0126348041591569,577.5682010903995,572.8159790039062,-0.008267984292628053,True,0.004366819866528848,18421.85095392629,18502.295858650126
192,2024-10-16 04:00:00,38.58000183105469,38.15999984741211,-0.0110843234886566,572.8160349375962,575.3057250976562,0.0043064044443715125,True,-0.006777919044285087,18502.295858650126,18376.888795186784
193,2024-10-17 04:00:00,38.04999923706055,38.61000061035156,0.0145145901804336,578.8722779234968,575.3550415039062,-0.006116014612769818,True,0.008398575567663782,18376.888795186784,18531.228484431715
194,2024-10-18 04:00:00,39.06999969482422,38.63999938964844,-0.0112036738098306,577.0544639759777,577.5682373046875,0.0008503376731025603,True,-0.01035333613672804,18531.228484431715,18339.368446905883
195,2024-10-21 04:00:00,38.56999969482422,38.18000030517578,-0.0103094277763028,576.837018450172,576.6196899414062,-0.0004167589489135585,True,-0.010726186725216358,18339.368446905883,18142.656956521827
196,2024-10-22 04:00:00,38.40999984741211,37.86000061035156,-0.0145162843601489,574.0706625050883,576.3134155273438,0.0038667542878235194,True,-0.010649530072325379,18142.656956521827,17949.446185671466
197,2024-10-23 04:00:00,37.810001373291016,38.470001220703125,0.017252224088832,574.2782271670283,571.0474853515625,-0.005665743172265705,True,0.011586480916566295,17949.446185671466,18157.41710136468
198,2024-10-24 04:00:00,38.869998931884766,38.720001220703125,-0.004058166746534,573.0135725724089,572.282470703125,-0.0013158892708278317,True,-0.005374056017361831,18157.41710136468,18059.838124731345
199,2024-10-25 04:00:00,38.0099983215332,39.25,0.0324165355905914,574.5252018172647,572.0848388671875,-0.004287616888446594,True,0.028128918702144803,18059.838124731345,18567.841843115806
200,2024-10-28 04:00:00,39.66999816894531,40.560001373291016,0.0222307047112578,575.5823734785425,573.8533935546875,-0.003043879207429363,True,0.019186825503828435,18567.841843115806,18924.09978454235
201,2024-10-29 04:00:00,41.33000183105469,40.880001068115234,-0.0110857954351828,572.8851839371208,574.7821655273438,0.0032712770995158885,True,-0.007814518335666912,18924.09978454235,18776.217059790055
202,2024-10-30 04:00:00,40.880001068115234,40.97999954223633,0.0022456773809207,574.3078679687578,573.0432739257812,-0.002241944485715042,True,3.732895205658081e-06,18776.217059790055,18776.287149440697
203,2024-10-31 04:00:00,39.779998779296875,39.92499923706055,0.0034443504409483,568.646678223919,561.809814453125,-0.01206304353935193,True,-0.00861869309840363,18776.287149440697,18614.460092972167
204,2024-11-01 04:00:00,39.369998931884766,39.029998779296875,-0.008834274352498,564.4575739167589,564.180908203125,-0.0005301443906830472,True,-0.009364418743181046,18614.460092972167,18440.146493983342
205,2024-11-04 05:00:00,38.25,39.43000030517578,0.030643531859762,564.319237599237,562.9656982421875,-0.0024385348484801134,True,0.028204997011281888,18440.146493983342,18960.250770733743
206,2024-11-05 05:00:00,39.5099983215332,42.31999969482422,0.0709070700754892,563.884576772617,569.7730102539062,0.01040262199010931,True,0.08130969206559852,18960.250770733743,20501.90292238863
207,2024-11-06 05:00:00,43.400001525878906,42.709999084472656,-0.0160954737914476,582.122869688031,583.9407348632812,0.003082820404263645,True,-0.013012653387183956,20501.90292238863,20235.118765881893
208,2024-11-07 05:00:00,43.599998474121094,43.439998626708984,-0.0038689675304568,585.9562310221482,588.455810546875,0.004225812687692496,True,0.00035684515723569555,20235.118765881893,20242.339570019587
209,2024-11-08 05:00:00,43.689998626708984,46.65999984741211,0.0677653981895615,589.0090657831266,591.0048217773438,0.0033483281432411063,True,0.07111372633280261,20242.339570019587,21681.84776653762
210,2024-11-11 05:00:00,49.56999969482422,49.02000045776367,-0.011293166437291,592.6054301520026,591.5680541992188,-0.0017905339978368392,True,-0.01308370043512784,21681.84776653762,21398.168965480196
211,2024-11-12 05:00:00,51.04999923706055,51.2400016784668,0.0035211649060638,591.4889348135927,589.7303466796875,-0.0030131547462665244,True,0.0005080101597972758,21398.168965480196,21409.039452715715
212,2024-11-13 05:00:00,51.040000915527344,51.9900016784668,0.0184091650753473,590.1946763941613,590.016845703125,-0.00034130853114906057,True,0.01806785654419824,21409.039452715715,21795.854906296463
213,2024-11-14 05:00:00,49.72999954223633,50.84000015258789,0.0221160996811446,590.1453071885351,586.2229614257812,-0.006686406766225017,True,0.015429692914919583,21795.854906296463,22132.15825431876
214,2024-11-15 05:00:00,52.130001068115234,51.5,-0.0122827551332978,582.6365185919044,578.7142333984375,-0.006771959065913251,True,-0.01905471419921105,22132.15825431876,21710.43630417101
215,2024-11-18 05:00:00,52.130001068115234,52.15999984741211,0.0003753658550191,579.1785783846396,581.08544921875,0.0032523711360815796,True,0.0036277369911006797,21710.43630417101,21789.196057044584
216,2024-11-19 05:00:00,52.70000076293945,53.880001068115234,0.0221864395735772,577.6867123686337,583.2095336914062,0.00952023603196243,True,0.03170667560553963,21789.196057044584,22480.0590281308
217,2024-11-20 05:00:00,53.720001220703125,55.40999984741211,0.0312531216805269,583.2886727631445,583.4072265625,0.000163250645677501,True,0.0314163723262044,22480.0590281308,23186.30093247361
218,2024-11-21 05:00:00,55.900001525878906,55.63999938964844,-0.0048502507337886,586.2724076420711,586.5391235351562,0.00041493509434944195,True,-0.0044353156394391574,23186.30093247361,23083.462369327066
219,2024-11-22 05:00:00,56.4900016784668,55.40999984741211,-0.0193146165784393,586.5291798676253,588.3569946289062,0.0030763236613282493,True,-0.01623829291711105,23083.462369327066,22708.62634583282
220,2024-11-25 05:00:00,54.02000045776367,52.439998626708984,-0.0294425910515953,592.3188706226857,590.352783203125,-0.0033593057271564517,True,-0.032801896778751755,22708.62634583282,21963.74032844957
221,2024-11-26 05:00:00,51.70000076293945,53.83000183105469,0.0409910273301303,591.6074878710035,593.435302734375,0.003049573578504183,True,0.04404060090863448,21963.74032844957,22931.036650715698
222,2024-11-27 05:00:00,55.029998779296875,55.47999954223633,0.0079757565374537,593.2475108077009,591.6370849609375,-0.002754593516913077,True,0.005221163020540623,22931.036650715698,23050.763331299073
223,2024-11-29 05:00:00,55.209999084472656,54.65999984741211,-0.0101599375700242,592.4571378216023,595.3124389648438,0.004779422302413486,True,-0.005380515267610715,23050.763331299073,22926.738347264938
224,2024-12-02 05:00:00,54.47999954223633,53.619998931884766,-0.0159824439273378,595.7273494392206,596.3794555664062,0.0010546385587291332,True,-0.014927805368608667,22926.738347264938,22584.49245947995
225,2024-12-03 05:00:00,54.459999084472656,54.61000061035156,0.0025538123427419,596.1424758809485,596.6561889648438,0.0008217287052664982,True,0.003375541048008398,22584.49245947995,22660.727340825357
226,2024-12-04 05:00:00,56.41999816894531,58.595001220703125,0.038342525584966,598.3554377930116,600.3610229492188,0.0033118290793924046,True,0.041654354664358406,22660.727340825357,23604.64531443242
227,2024-12-05 05:00:00,56.400001525878906,56.599998474121094,0.0033453559455591,600.3610964613101,599.3731079101562,-0.0016856571836139057,True,0.0016596987619451945,23604.64531443242,23643.82191503694
228,2024-12-06 05:00:00,57.79999923706055,56.40999984741211,-0.024243603460677,600.1437264292612,600.50927734375,0.0005691056165225498,True,-0.02367449784415445,23643.82191503694,23084.066304081825
229,2024-12-09 05:00:00,54.72999954223633,55.79999923706055,0.0193466256115727,600.3907864455558,597.4169311523438,-0.0049931994166964805,True,0.014353426194876222,23084.066304081825,23415.40174605509
230,2024-12-10 05:00:00,54.900001525878906,56.189998626708984,0.0232925353233287,598.0985858914665,595.5594482421875,-0.004285349695141737,True,0.019007185628186964,23415.40174605509,23860.462633600935
231,2024-12-11 05:00:00,57.720001220703125,57.77000045776367,0.0006660843977891,598.5036997474019,600.1635131835938,0.002733271805825676,True,0.003399356203614776,23860.462633600935,23941.572845275583
232,2024-12-12 05:00:00,56.91999816894531,57.20000076293945,0.0047182668019428,599.2941413402128,597.0711669921875,-0.0037493210073004423,True,0.0009689457946423577,23941.572845275583,23964.77093160114
233,2024-12-13 05:00:00,57.90999984741211,59.43000030517578,0.0260424045960551,599.1162117354461,596.9525146484375,-0.0036514814532243333,True,0.022390923142830765,23964.77093160114,24501.364275666165
234,2024-12-16 05:00:00,60.220001220703125,61.369998931884766,0.0188928082964132,598.7210366652528,599.5015258789062,0.0012635941045276086,True,0.02015640240094081,24501.364275666165,24995.22363337853
235,2024-12-17 05:00:00,60.72999954223633,59.560001373291016,-0.0194616991116073,596.9327804455652,597.0315551757812,0.0001254704406454883,True,-0.01933622867096181,24995.22363337853,24511.91027352169
236,2024-12-18 05:00:00,57.18000030517578,58.19499969482422,0.0175474212685911,596.7252628946356,579.2379150390625,-0.02934552624962504,True,-0.011798104981033938,24511.91027352169,24222.716182828997
237,2024-12-19 05:00:00,54.720001220703125,54.07500076293945,-0.0119849115843268,584.2568879572754,579.06005859375,-0.008934767816422181,True,-0.02091967940074898,24222.716182828997,23715.98472606888
238,2024-12-20 05:00:00,54.810001373291016,54.27000045776367,-0.0100502429579549,576.716609074651,586.01513671875,0.016083218055083514,True,0.006032975097128614,23715.98472606888,23859.062671325137
239,2024-12-23 05:00:00,52.869998931884766,55.05500030517578,0.0411195672052263,585.7574336728889,589.5244140625,0.006390956182648783,True,0.04751052338787508,23859.062671325137,24992.619226383904
240,2024-12-24 05:00:00,56.22999954223633,54.41999816894531,-0.0323827903157982,590.8824907923924,596.0769653320312,0.008751044954933165,True,-0.023631745360865035,24992.619226383904,24402.000012924942
241,2024-12-26 05:00:00,54.29999923706055,54.779998779296875,0.0086380229200954,594.2925942579211,596.1166381835938,0.00302926915007292,True,0.01166729207016832,24402.000012924942,24686.70527417199
242,2024-12-27 05:00:00,53.68000030517578,52.79999923706055,-0.0165901640649279,592.3495448410098,589.841552734375,-0.0042739732147645156,True,-0.020864137279692416,24686.70527417199,24171.63846634836
243,2024-12-30 05:00:00,53.54999923706055,54.47800064086914,0.0171261793874459,582.7834446998471,583.1105346679688,0.0005212547355220476,True,0.01764743412296795,24171.63846634836,24598.20586382744
244,2024-12-31 05:00:00,53.04999923706055,54.89500045776367,0.0345715993360573,584.7858235548729,580.9891357421875,-0.006532441608118289,True,0.028039157727939013,24598.20586382744,25287.91883786761
245,2025-01-02 05:00:00,55.369998931884766,55.22999954223633,-0.0027279083977073,584.2704470278884,579.5617065429688,-0.008099179629694479,True,-0.010827088027401779,25287.91883786761,25014.12431458023
246,2025-01-03 05:00:00,55.959999084472656,56.3650016784668,0.007035931509781,582.4265768189647,586.8081665039062,0.0074829906383607325,True,0.014518922148141732,25014.12431458023,25377.302438107556
247,2025-01-06 05:00:00,58.16999816894531,57.310001373291016,-0.0149812218888597,591.0907281182205,590.1885986328125,-0.0015662115314851036,True,-0.016547433420344804,25377.302438107556,24957.373215625015
248,2025-01-07 05:00:00,54.790000915527344,54.27000045776367,-0.0096888732194435,592.2307170047155,583.51708984375,-0.014753230689951108,True,-0.024442103909394608,24957.373215625015,24347.362506183166
249,2025-01-08 05:00:00,53.34000015258789,53.70000076293945,0.0065478380782242,583.5863907900373,584.3695068359375,0.0013019025156499311,True,0.007849740593874131,24347.362506183166,24538.482986001723
250,2025-01-10 05:00:00,53.84000015258789,51.650001525878906,-0.0408678972489129,580.7908267526183,575.4476318359375,-0.00923986106970083,True,-0.05010775831861373,24538.482986001723,23308.914611033735
251,2025-01-13 05:00:00,53.220001220703125,55.040000915527344,0.0339908446794126,570.7687264554227,576.3399047851562,0.009720833191285045,True,0.04371167787069764,23308.914611033735,24327.786378026838
252,2025-01-14 05:00:00,54.83000183105469,56.13999938964844,0.0236872266647991,579.2841296546612,577.1329956054688,-0.003753435150510461,True,0.01993379151428864,24327.786378026838,24812.731399690572
253,2025-01-15 05:00:00,56.63999938964844,56.529998779296875,-0.0021416928129888,585.2023114906353,587.6310424804688,0.004110241620965089,True,0.001968548807976289,24812.731399690572,24861.57647251007
254,2025-01-16 05:00:00,57.09000015258789,58.51499938964844,0.0247556034960269,589.0089079974523,586.5009155273438,-0.0042979873344112405,True,0.02045761616161566,24861.57647251007,25370.185061157335
255,2025-01-17 05:00:00,59.619998931884766,59.869998931884766,0.0039924052626338,591.7747335194372,592.3893432617188,0.0009985873330994209,True,0.004990992595733221,25370.185061157335,25496.807466949955
256,2025-01-21 05:00:00,60.41999816894531,59.54999923706055,-0.0145962887715636,595.4523751286994,597.8117065429688,0.003922250404592706,True,-0.010674038366970895,25496.807466949955,25224.65356581246
257,2025-01-22 05:00:00,59.380001068115234,58.22999954223633,-0.0195629225397164,600.656799743693,601.1723022460938,0.0008182313604386411,True,-0.01874469117927776,25224.65356581246,24751.825224617038
258,2025-01-23 05:00:00,58.790000915527344,59.91999816894531,0.0190170851276348,600.5379115165184,604.45361328125,0.006480324012256592,True,0.025497409139891396,24751.825224617038,25382.932639328184
259,2025-01-24 05:00:00,59.70000076293945,57.31999969482422,-0.0400580216282577,604.5130086851335,602.68896484375,-0.003057377318895026,True,-0.04311539894715273,25382.932639328184,24288.537372134844
260,2025-01-27 05:00:00,57.66999816894531,58.34000015258789,0.011415556982797,589.6433081706125,594.1636962890625,0.007626309539702318,True,0.01904186652249932,24288.537372134844,24751.036458801773
261,2025-01-28 05:00:00,57.58000183105469,58.119998931884766,0.0091763502348914,595.4028342716128,599.2689819335938,0.006453330967613822,True,0.01562968120250522,24751.036458801773,25137.88726808443
262,2025-01-29 05:00:00,59.34000015258789,59.72999954223633,0.0063709906176001,598.4759021527152,596.58251953125,-0.0032036739502037063,True,0.003167316667396394,25137.88726808443,25217.506917411767
263,2025-01-30 05:00:00,59.720001220703125,59.61000061035156,-0.0020415508355776,598.7138485875727,599.784423828125,0.0017481250668878406,True,-0.00029342576868975957,25217.506917411767,25210.10745106009
264,2025-01-31 05:00:00,57.709999084472656,53.970001220703125,-0.0649937765417632,602.2230616784475,596.5924072265625,-0.009389782182355944,True,-0.07438355872411916,25210.10745106009,23334.889943032806
265,2025-02-03 05:00:00,57.58000183105469,56.5099983215332,-0.0187791654170398,587.5218398017656,592.5775756835938,0.0085651879935799,True,-0.010213977423459898,23334.889943032806,23096.54790397575
266,2025-02-04 05:00:00,56.130001068115234,56.209999084472656,0.0012249623965741,592.6370941417676,596.5527954101562,0.006567249709974968,True,0.007792212106549068,23096.54790397575,23276.521104172596
267,2025-02-05 05:00:00,55.33000183105469,55.93000030517578,0.010641850227045,595.4226979994195,598.9715576171875,0.005920235694225208,True,0.01656208592127021,23276.521104172596,23662.028846648165
268,2025-02-06 05:00:00,55.119998931884766,56.7400016784668,0.0291846137900116,600.726194256066,601.0533447265625,0.0005045916519448647,True,0.029689205441956464,23662.028846648165,24364.5356822498
269,2025-02-07 05:00:00,54.470001220703125,55.61000061035156,0.0207247746707614,601.6184099530446,595.5515747070312,-0.01012419148357994,True,0.01060058318718146,24364.5356822498,24622.813969566538
270,2025-02-10 05:00:00,55.380001068115234,55.11000061035156,-0.005074419472298,598.7832453434885,599.5960693359375,0.0013174594793191649,True,-0.0037569599929788353,24622.813969566538,24530.307042568315
271,2025-02-11 05:00:00,54.11000061035156,53.83000183105469,-0.0053735668063376,597.3160883906734,600.0521240234375,0.0045405490358308076,True,-0.0008330177705067922,24530.307042568315,24509.872860885866
272,2025-02-12 05:00:00,55.15999984741211,54.56999969482422,-0.0108940004151247,593.9951801914737,598.1190185546875,0.006902545159852198,True,-0.003991455255272502,24509.872860885866,24412.042800049225
273,2025-02-13 05:00:00,54.7400016784668,54.939998626708984,0.0034528688602744,599.2293791218168,604.4337768554688,0.008645151154102455,True,0.012098020014376855,24412.042800049225,24707.38018243604
274,2025-02-14 05:00:00,55.33000183105469,54.900001525878906,-0.0079699836073963,604.6418973129976,604.4039916992188,-0.00043346531366096754,True,-0.008403448921057268,24707.38018243604,24499.752975099796
275,2025-02-18 05:00:00,53.5099983215332,54.83000183105469,0.0244634394824654,605.5737189248886,606.1784057617188,0.0009585354679917745,True,0.025421974950457175,24499.752975099796,25122.585081525172
276,2025-02-19 05:00:00,54.650001525878906,55.630001068115234,0.0177287214539724,604.7806761664997,607.6058959960938,0.004631478340713819,True,0.02236019979468622,25122.585081525172,25684.33110330708
277,2025-02-20 05:00:00,56.040000915527344,56.38999938964844,0.0060442825909471,606.2279612401959,605.0780639648438,-0.001936806727620636,True,0.004107475863326464,25684.33110330708,25789.828873379596
278,2025-02-21 05:00:00,53.91999816894531,54.22999954223633,0.0055481540807322,604.8599570126433,594.728759765625,-0.016789657717557548,True,-0.011241503636825348,25789.828873379596,25499.912418306398
279,2025-02-24 05:00:00,53.40999984741211,50.654998779296875,-0.0517717854853429,596.7906772884849,592.0224609375,-0.008029763467233138,True,-0.059801548952576035,25499.912418306398,23974.978157536647
280,2025-02-25 05:00:00,50.029998779296875,48.709999084472656,-0.0265788677390255,591.9630038380435,589.0782470703125,-0.004913204489178267,True,-0.031492072228203764,23974.978157536647,23219.956413729895
281,2025-02-26 05:00:00,47.959999084472656,49.0099983215332,0.0216888706704535,590.7536120583931,589.3756713867188,-0.002372513324587353,True,0.019316357345866147,23219.956413729895,23668.481389372937
282,2025-02-27 05:00:00,47.349998474121094,46.540000915527344,-0.0173031606013185,591.665568384651,579.9680786132812,-0.019810441946293954,True,-0.03711360254761245,23668.481389372937,22790.05877818219
283,2025-02-28 05:00:00,47.900001525878906,52.970001220703125,0.1056243547537409,580.4736791128596,589.018798828125,0.014680942607294346,True,0.12030529736103525,22790.05877818219,25531.823576366867
284,2025-03-03 05:00:00,48.900001525878906,47.029998779296875,-0.0384336962614887,591.0013951605243,578.69921875,-0.020855816191403226,True,-0.05928951245289193,25531.823576366867,24018.054204490825
285,2025-03-04 05:00:00,49.38999938964844,51.0099983215332,0.0325936013810887,574.6745236933907,571.8492431640625,-0.004956314214123051,True,0.027637287166965653,24018.054204490825,24681.848065732087
286,2025-03-05 05:00:00,51.439998626708984,51.154998779296875,-0.0057393046666413,571.6806979232716,577.995361328125,0.011005787321126071,True,0.005266482654484771,24681.848065732087,24811.834590450893
287,2025-03-06 05:00:00,50.63999938964844,50.66999816894531,0.0003922944944936,570.4812496614657,567.7353515625,-0.004853301226981819,True,-0.0044610067324882185,24811.834590450893,24701.14882929751
288,2025-03-07 05:00:00,49.43000030517578,46.9900016784668,-0.0495528155414989,565.9410653648017,570.9174194335938,0.008753060573514507,True,-0.040799754967984395,24701.14882929751,23693.348009634457
289,2025-03-10 04:00:00,44.90999984741211,46.29999923706055,0.0307446074459959,562.6598126082816,555.710693359375,-0.012390480864615349,True,0.018354126581380553,23693.348009634457,24128.218718139986
290,2025-03-11 04:00:00,47.2400016784668,47.380001068115234,0.0027630044941251,554.5409384975098,551.0911254882812,-0.006261024941054164,True,-0.0034980204469290638,24128.218718139986,24043.817715715955
291,2025-03-12 04:00:00,47.150001525878906,47.130001068115234,-0.0006240830226775,557.2868261582678,554.0155029296875,-0.005910088929127566,True,-0.006534171951805065,24043.817715715955,23886.711276383612
292,2025-03-13 04:00:00,45.52000045776367,47.3849983215332,0.0407627810424146,553.6387831652644,546.6301879882812,-0.012699147787504311,True,0.028063633254910285,23886.711276383612,24557.05918130997
293,2025-03-14 04:00:00,48.13999938964844,47.15999984741211,-0.020553190935704,551.2794507149214,557.9212646484375,0.01200799838793691,True,-0.008545192547767089,24557.05918130997,24347.214382198767
294,2025-03-17 04:00:00,48.060001373291016,46.82500076293945,-0.0258918984298932,557.9014587611023,562.2236328125,0.007707199767133988,True,-0.018184698662759215,24347.214382198767,23904.467625380887
295,2025-03-18 04:00:00,46.810001373291016,47.7400016784668,0.0196636024896561,559.8939850390469,556.1468505859375,-0.006732578511712535,True,0.012931023977943564,23904.467625380887,24213.576869424665
296,2025-03-19 04:00:00,48.61000061035156,48.38999938964844,-0.0047249177122809,557.9411591768904,562.2037963867188,0.007599940412563971,True,0.0028750227002830708,24213.576869424665,24283.191452579315
297,2025-03-20 04:00:00,47.849998474121094,47.560001373291016,-0.0062593136792219,558.4368526534365,560.5780639648438,0.003794294426009272,True,-0.002465019253212628,24283.191452579315,24223.332918119257
298,2025-03-21 04:00:00,47.70000076293945,49.63999938964844,0.0404627167434208,556.0897976294804,560.762939453125,0.00836357410541513,True,0.048826290848835927,24223.332918119257,25406.06841650753
299,2025-03-24 04:00:00,50.18000030517578,49.86000061035156,-0.0065757412482907,567.5440394813636,570.8053588867188,0.00570637240192925,True,-0.0008693688463614502,25406.06841650753,25383.98117211769
300,2025-03-25 04:00:00,50.13999938964844,49.75,-0.0079766334187569,572.0183689196199,572.177490234375,0.00023817518352714186,True,-0.007738458235229758,25383.98117211769,25187.548293973396
301,2025-03-26 04:00:00,49.18000030517578,49.08000183105469,-0.0022328892294426,571.9090077398645,565.3466796875,-0.011514426811877362,True,-0.013747316041319962,25187.548293973396,24841.287107270135
302,2025-03-27 04:00:00,49.439998626708984,48.470001220703125,-0.0198157456342979,563.944681183511,563.8452758789062,-0.00021626782895815372,True,-0.020032013463256056,24841.287107270135,24343.666109492693
303,2025-03-28 04:00:00,47.560001373291016,46.880001068115234,-0.0144948559288788,562.304173568215,552.4904174804688,-0.017492753418974404,True,-0.031987609347853205,24343.666109492693,23564.970427887667
304,2025-03-31 04:00:00,46.810001373291016,47.529998779296875,0.0151782169602822,546.6936920279248,556.1991577148438,0.01734718742420276,True,0.03252540438448496,23564.970427887667,24331.430620363142
305,2025-04-01 04:00:00,48.29999923706055,48.130001068115234,-0.0037189070288294,554.270200650382,557.7700805664062,0.00627439307384287,True,0.00255548604501347,24331.430620363142,24393.609251768692
306,2025-04-02 04:00:00,49.40999984741211,46.59000015258789,-0.0572620273605624,551.883913264606,561.2999267578125,0.017021583544820404,True,-0.040240443815741996,24393.609251768692,23411.99958920973
307,2025-04-03 04:00:00,46.56999969482422,46.939998626708984,0.0077434372606535,542.0005504953318,533.6385498046875,-0.015468029884844818,True,-0.007724592624191318,23411.99958920973,23231.15142986535
308,2025-04-04 04:00:00,47.709999084472656,43.68000030517578,-0.0846517288481707,520.6828811973194,502.3977966308594,-0.035157506695079214,True,-0.1198092355432499,23231.15142986535,20447.844936263707
309,2025-04-07 04:00:00,44.27000045776367,45.540000915527344,0.0284818919189413,486.3995737800916,501.5029296875,0.031011334584920607,True,0.05949322650386191,20447.844936263707,21664.35320657269
310,2025-04-08 04:00:00,43.59000015258789,43.58000183105469,-0.0004293060408583,518.8832132196871,493.64801025390625,-0.048673685428356116,True,-0.049102991469214416,21664.35320657269,20600.568655884304
311,2025-04-09 04:00:00,46.83000183105469,46.40999984741211,-0.0091668383241487,490.62536123459006,545.4906005859375,0.11178715710677235,True,0.10262031878262365,20600.568655884304,22714.605578454473
312,2025-04-10 04:00:00,45.16999816894531,46.630001068115234,0.0321159594923433,529.1343786533849,521.5877075195312,-0.014302296003256328,True,0.01781366348908697,22714.605578454473,23119.235918516395
313,2025-04-11 04:00:00,47.66999816894531,48.290000915527344,0.0128035606365932,520.0266416001656,530.894287109375,0.02085824758933264,True,0.03366180822592584,23119.235918516395,23897.47120433543
314,2025-04-14 04:00:00,48.279998779296875,48.79999923706055,0.0105683812493685,540.9466097072813,536.0447387695312,-0.009101653867102561,True,0.0014667273822659387,23897.47120433543,23932.52227971774
315,2025-04-15 04:00:00,47.7400016784668,47.59000015258789,-0.0033414027774645,536.5915818220184,534.5433349609375,-0.003857143113065581,True,-0.007198545890530081,23932.52227971774,23760.242919811062
316,2025-04-16 04:00:00,47.959999084472656,48.150001525878906,0.0037609134163476,528.6471791077158,522.6614990234375,-0.011362636951135043,True,-0.007601723534787443,23760.242919811062,23579.624122015266
317,2025-04-17 04:00:00,48.2599983215332,49.630001068115234,0.0281822997549159,524.6302516664327,523.4072265625,-0.0023712134594753753,True,0.025811086295440527,23579.624122015266,24188.239835042656
318,2025-04-21 04:00:00,49.720001220703125,51.0,0.0255390138378787,518.1871723342323,510.94873046875,-0.014008778564849285,True,0.011530235273029415,24188.239835042656,24467.135931181158
319,2025-04-22 04:00:00,52.08000183105469,53.459999084472656,0.0262923631826304,517.1730636694438,524.2424926757812,0.013629368153434962,True,0.03992173133606536,24467.135931181158,25443.906358388762
320,2025-04-23 04:00:00,53.20000076293945,52.75,-0.008656949275192,537.3472764364299,532.3658447265625,-0.009310413991679898,True,-0.0179673632668719,25443.906358388762,24986.74644991932
321,2025-04-24 04:00:00,53.2599983215332,53.619998931884766,0.0065579739741885,533.6584331737259,543.5715942382812,0.01853585385768317,True,0.025093827831871668,24986.74644991932,25613.759563412226
322,2025-04-25 04:00:00,54.27000045776367,54.09000015258789,-0.0035160718980088,543.5318537188763,547.4990844726562,0.007258984827910178,True,0.0037429129299013783,25613.759563412226,25709.629635265508
323,2025-04-28 04:00:00,53.880001068115234,53.95000076293945,0.0010989378691529,548.2447832861145,547.7078247070312,-0.0010194139323402138,True,7.95239368126862e-05,25709.629635265508,25711.674166228102
324,2025-04-29 04:00:00,54.220001220703125,53.75,-0.0088666568606981,545.7789065390313,551.1580810546875,0.009815958981206166,True,0.0009493021205080662,25711.674166228102,25736.082313035913
325,2025-04-30 04:00:00,53.5099983215332,54.9900016784668,0.0274529340752532,544.4466177046888,551.3768310546875,0.012688912485884257,True,0.04014184656113746,25736.082313035913,26769.176180330604
326,2025-05-01 04:00:00,54.95000076293945,55.15999984741211,0.0036208950833547,557.1735491438936,555.2843627929688,-0.003430660511123785,True,0.00019023457223091506,26769.176180330604,26774.268603110242
327,2025-05-02 04:00:00,55.189998626708984,53.52000045776367,-0.0304530012785778,561.5086499974077,563.527099609375,0.0035546901476524308,True,-0.02689831113092537,26774.268603110242,26054.085995920817
328,2025-05-05 04:00:00,53.630001068115234,53.244998931884766,-0.0073774018896779,559.3609528534779,560.2955932617188,0.0016309074944773226,True,-0.0057464943952005776,26054.085995920817,25904.366336773186
329,2025-05-06 04:00:00,53.970001220703125,54.9900016784668,0.0186956371001708,554.747455291201,555.6124877929688,0.0015193266693104936,True,0.020214963769481294,25904.366336773186,26428.022163742426
330,2025-05-07 04:00:00,54.68000030517578,56.540000915527344,0.0338093220654282,556.9548009077818,557.9490966796875,0.0017452360196646758,True,0.03555455808509288,26428.022163742426,27367.65881283733
331,2025-05-08 04:00:00,57.619998931884766,58.560001373291016,0.0161105801704698,562.0157579568283,561.8367919921875,-0.00035843584829624216,True,0.015752144322173558,27367.65881283733,27798.758124217147
332,2025-05-09 04:00:00,58.65999984741211,59.18000030517578,0.0086628987812162,563.2486575047216,561.1209106445312,-0.003817633256360629,True,0.004845265524855571,27798.758124217147,27933.450488590217
333,2025-05-12 04:00:00,57.880001068115234,58.97999954223633,0.0188010302973915,578.1532016097033,579.66455078125,0.002574098075283167,True,0.02137512837267467,27933.450488590217,28530.531578675585
334,2025-05-13 04:00:00,59.619998931884766,59.18000030517578,-0.0075785550382946,580.0821265092247,583.4926147460938,0.0058393196359839555,True,-0.0017392354023106444,28530.531578675585,28480.91026810721
335,2025-05-14 04:00:00,58.7400016784668,58.279998779296875,-0.008029583247616,584.4570582487896,584.2383422851562,-0.000414220758474046,True,-0.008443804006090046,28480.91026810721,28240.423043888277
336,2025-05-15 04:00:00,58.66999816894531,58.880001068115234,0.0033786958006673,582.2198452585625,587.0919189453125,0.008328099655871979,True,0.011706795456539278,28240.423043888277,28571.027900069217
337,2025-05-16 04:00:00,59.20000076293945,58.290000915527344,-0.015568524831654,587.8773622746659,590.810546875,0.004949449821617213,True,-0.010619075010036786,28571.027900069217,28267.630011684527
338,2025-05-19 04:00:00,59.9900016784668,59.48500061035156,-0.0086163838005322,584.7453513153635,591.4568481445312,0.011437640333643579,True,0.002821256533111379,28267.630011684527,28347.380247530567
339,2025-05-20 04:00:00,60.90999984741211,60.540000915527344,-0.0062732838999531,589.7069436963179,589.46826171875,-0.0004447467646757705,True,-0.006718030664628871,28347.380247530567,28156.941677765764
340,2025-05-21 04:00:00,61.790000915527344,63.349998474121094,0.0250417349546175,585.0834662873492,579.5352783203125,-0.009522729023677207,True,0.015519005930940293,28156.941677765764,28593.90942266015
341,2025-05-22 04:00:00,63.22999954223633,61.810001373291016,-0.0226531542545205,579.3363764431303,579.7639770507812,0.0006980869302151904,True,-0.02195506732430531,28593.90942266015,27966.128216220557
342,2025-05-23 04:00:00,61.83000183105469,62.84000015258789,0.016131838082464,572.6944898379297,575.806640625,0.005394225127521313,True,0.021526063209985312,27966.128216220557,28568.128859941477
343,2025-05-27 04:00:00,62.5,61.84000015258789,-0.0107578657722606,582.7269752337963,587.7780151367188,0.008627935615810269,True,-0.0021299301564503305,28568.128859941477,28507.28074076933
344,2025-05-28 04:00:00,60.790000915527344,61.58000183105469,0.0127929944880027,588.1856726822466,584.3775024414062,-0.006514435569765447,True,0.006278558918237252,28507.28074076933,28686.26538249898
345,2025-05-29 04:00:00,59.9900016784668,60.04499816894531,0.0007165976066315,589.6771054111595,586.6842651367188,-0.0051153882878900575,True,-0.004398790681258558,28686.26538249898,28560.080505654332
346,2025-05-30 04:00:00,59.459999084472656,59.06999969482422,-0.0067576894465588,585.5706782096897,586.028076171875,0.0007411148665840075,True,-0.006016574579974792,28560.080505654332,28388.246651281977
347,2025-06-02 04:00:00,59.36000061035156,59.97999954223633,0.0102426570957673,584.4073250806647,589.3291015625,0.008381825447098845,True,0.018624482542866146,28388.246651281977,28916.963055461354
348,2025-06-03 04:00:00,60.400001525878906,59.65999984741211,-0.0124492130191986,588.961210027987,592.6898193359375,0.006290823226496185,True,-0.006158389792702415,28916.963055461354,28738.881125344647
349,2025-06-04 04:00:00,59.63999938964844,60.150001525878906,0.0083496536536093,593.5548545078736,592.5307006835938,-0.0017654577508746613,True,0.00658419590273464,28738.881125344647,28928.10354869932
350,2025-06-05 04:00:00,57.869998931884766,59.09000015258789,0.0208775604744096,594.2210060312028,589.6671142578125,-0.007703633104803421,True,0.013173927369606177,28928.10354869932,29309.20028379033
351,2025-06-06 04:00:00,59.2599983215332,61.130001068115234,0.0313496122420767,595.2451088486548,595.722412109375,0.0007618600298008478,True,0.03211147227187754,29309.20028379033,30250.361856014173
352,2025-06-09 04:00:00,61.77000045776367,62.36000061035156,0.009349674522603,596.2990883662742,596.2593383789062,-0.00010666115736793566,True,0.009243013365235064,30250.361856014173,30529.966354952507
353,2025-06-10 04:00:00,62.290000915527344,62.400001525878906,0.0015656101539294,596.7961606362574,599.639892578125,0.004724997044947274,True,0.006290607198876674,30529.966354952507,30722.018381086433
354,2025-06-11 04:00:00,61.84000015258789,60.70000076293945,-0.018630953639708,600.7436228335788,597.9297485351562,-0.0047239853000021976,True,-0.023354938939710197,30722.018381086433,30004.507517691505
355,2025-06-12 04:00:00,60.70000076293945,59.619998931884766,-0.0179888735557807,596.5874347137615,600.3060913085938,0.006193213068955212,True,-0.011795660486825489,30004.507517691505,29650.584533938414
356,2025-06-13 04:00:00,59.7400016784668,60.599998474121094,0.0141928018750603,595.0860482220673,593.5946044921875,-0.0025462656641603667,True,0.011646536210899934,29650.584533938414,29995.911140387278
357,2025-06-16 04:00:00,61.79999923706055,60.02000045776367,-0.028996789663936,596.9752246255282,599.2421875,0.00375741533812199,True,-0.02523937432581401,29995.911140387278,29238.833110871186
358,2025-06-17 04:00:00,59.5,59.064998626708984,-0.0075094654089832,596.786348727835,594.1216430664062,-0.004505091514088971,True,-0.01201455692307217,29238.833110871186,28887.541486096416
359,2025-06-18 04:00:00,58.970001220703125,60.27000045776367,0.0218407057077744,595.0264003245132,594.0321044921875,-0.0017110112892192379,True,0.020129694418555163,28887.541486096416,29469.03886871487
360,2025-06-20 04:00:00,58.66999816894531,57.47999954223633,-0.0204788395198613,596.7256028572928,592.636962890625,-0.006891792427022034,True,-0.02737063194688333,29469.03886871487,28662.452652010874
361,2025-06-23 04:00:00,58.66999816894531,59.77000045776367,0.0185452448945737,593.3948045851308,598.49072265625,0.008547736245318087,True,0.027092981139891788,28662.452652010874,29439.003941134848
362,2025-06-24 04:00:00,60.060001373291016,61.33000183105469,0.0209413195990063,602.65917852593,605.1024169921875,0.004014096499838513,True,0.024955416098844812,29439.003941134848,30173.6665340214
363,2025-06-25 04:00:00,61.275001525878906,60.93000030517578,-0.0058292287783158,606.2292612300843,605.4414672851562,-0.0013394983833830778,True,-0.007168727161698878,30173.6665340214,29957.359751170912
364,2025-06-26 04:00:00,61.13999938964844,60.685001373291016,-0.0076403959391026,607.306302256393,610.1783447265625,0.004689149787345666,True,-0.0029512461517569337,29957.359751170912,29868.948208488473
365,2025-06-27 04:00:00,60.720001220703125,61.27000045776367,0.0088561668550021,611.1855439983277,613.2098999023438,0.0032721789674095636,True,0.012128345822411665,29868.948208488473,30231.209141712727
366,2025-06-30 04:00:00,61.209999084472656,60.58000183105469,-0.0104903128885714,615.6731133088892,616.1417846679688,0.0007212340850174027,True,-0.009769078803553998,30231.209141712727,29935.878077280613
367,2025-07-01 04:00:00,59.84000015258789,61.119998931884766,0.0211860962325451,614.6559103723325,615.9423828125,0.002052996127521464,True,0.023239092360066563,29935.878077280613,30631.560712798226
368,2025-07-02 04:00:00,62.41999816894531,62.209999084472656,-0.0035635989544876,615.53347209637,618.734619140625,0.005160605961122774,True,0.0015970070066351739,30631.560712798226,30680.479529880733
369,2025-07-03 04:00:00,62.189998626708984,61.630001068115234,-0.0092028033280064,620.7290596612153,623.611083984375,0.0046029666507520885,True,-0.004599836677254312,30680.479529880733,30539.354334863438
370,2025-07-07 04:00:00,61.400001525878906,61.900001525878906,0.0079417137695924,621.6365725170731,618.9639892578125,-0.004339269665616705,True,0.003602444103975695,30539.354334863438,30649.37065182629
371,2025-07-08 04:00:00,61.81999969482422,62.290000915527344,0.0074012369533184,619.6320954349991,618.6249389648438,-0.0016654104291487436,True,0.005735826524169657,30649.37065182629,30825.170124960143
372,2025-07-09 04:00:00,63.58000183105469,63.13999938964844,-0.0071190494742857,621.0481832340878,622.3345947265625,0.002031355374998068,True,-0.005087694099287632,30825.170124960143,30668.341088805846
373,2025-07-10 04:00:00,64.5,66.87999725341797,0.0366918231229998,622.4742664500196,624.0897827148438,0.0025553141389080022,True,0.0392471372619078,30668.341088805846,31871.98568111322
374,2025-07-11 04:00:00,67.20999908447266,69.16999816894531,0.0289565019284477,621.0182411395347,621.8958129882812,0.0013731176680676677,True,0.030329619596515367,31871.98568111322,32838.65088260697
375,2025-07-14 04:00:00,68.18000030517578,66.93000030517578,-0.0185301357574058,621.437057113524,623.08251953125,0.0026078344007499175,True,-0.015922301356655885,32838.65088260697,32315.78398710809
376,2025-07-15 04:00:00,66.16000366210938,67.55000305175781,0.0208054816159479,625.7850521197855,620.419921875,-0.008613439436770927,True,0.012192042179176974,32315.78398710809,32709.779388532086
377,2025-07-16 04:00:00,67.83000183105469,67.03500366210938,-0.0119180864999121,622.0154871960257,622.494140625,0.0007295201145747038,True,-0.011188566385337396,32709.779388532086,32343.803850393753
378,2025-07-17 04:00:00,67.6500015258789,67.54000091552734,-0.0018256800751508,622.6736989062512,626.3035888671875,0.005789521894553073,True,0.003963841819402273,32343.803850393753,32472.00957269449
379,2025-07-18 04:00:00,66.68000030517578,67.20999908447266,0.0077468224532306,627.5601250668279,625.8449096679688,-0.002773149112487884,True,0.004973673340742717,32472.00957269449,32633.514741026538
380,2025-07-21 04:00:00,66.33000183105469,67.7699966430664,0.0215052333570067,627.0316162109375,627.0316162109375,-4e-05,True,0.021465233357006702,32633.514741026538,33334.00075020199
381,2025-07-22 04:00:00,67.81999969482422,67.11000061035156,-0.0106667612176961,627.3606646093982,627.121337890625,-0.00042148186884209747,True,-0.011088243086538196,33334.00075020199,32964.3852468369
382,2025-07-23 04:00:00,67.29000091552734,67.5,0.0029202025808314,629.8039240942028,632.4566040039062,0.004171913911966498,True,0.007092116492797899,32964.3852468369,33198.17250712094
383,2025-07-24 04:00:00,67.66000366210938,66.08999633789062,-0.0233997031647398,632.8454496264281,632.6659545898438,-0.0003236317092749195,True,-0.023723334874014717,33198.17250712094,32410.6011435292
384,2025-07-25 04:00:00,66.36000061035156,67.40499877929688,0.0155442813090288,633.3341702599237,635.3385620117188,0.0031248248995825855,True,0.018669106208611383,32410.6011435292,33015.67809856268
385,2025-07-28 04:00:00,67.0999984741211,67.61000061035156,0.0073991281589176,635.7175012309004,635.1790161132812,-0.0008870509567167072,True,0.006512077202200893,33015.67809856268,33230.678743223536
386,2025-07-29 04:00:00,66.70999908447266,66.77999877929688,0.0008491235393822,636.5850848856694,633.503662109375,-0.004880551325276221,True,-0.0040314277858940215,33230.678743223536,33096.71166159399
387,2025-07-30 04:00:00,66.37000274658203,67.12000274658203,0.0110980459731026,634.1617960302962,632.7058715820312,-0.0023358249099498804,True,0.00876222106315272,33096.71166159399,33386.7123656363
388,2025-07-31 04:00:00,66.31999969482422,65.6500015258789,-0.0103004653125029,637.6920593309911,630.3324584960938,-0.011580994947652957,True,-0.021881460260155857,33386.7123656363,32656.162345790373
389,2025-08-01 04:00:00,64.22000122070312,64.79199981689453,0.0087050993664295,624.5683918435021,620.0010375976562,-0.007352816827577015,True,0.0013522825388524859,32656.162345790373,32700.32270391652
390,2025-08-04 04:00:00,65.19999694824219,64.86000061035156,-0.005413605175819,623.9401331350132,629.4249267578125,0.008750576742099826,True,0.0033369715662808254,32700.32270391652,32809.4427509877
391,2025-08-05 04:00:00,64.55000305175781,64.70999908447266,0.0022781614255016,630.0432104487703,626.2337646484375,-0.006086324660207669,True,-0.0038081632347060686,32809.4427509877,32684.49903735219
392,2025-08-06 04:00:00,65.51000213623047,66.19000244140625,0.0101780431478024,627.310788901774,631.030517578125,0.005889642439058132,True,0.01606768558686053,32684.49903735219,33209.66329144841
393,2025-08-07 04:00:00,66.83000183105469,66.37999725341797,-0.0069322046525057,634.4809118212801,630.501953125,-0.0063112031554400224,True,-0.013243407807945723,33209.66329144841,32769.85417731519
394,2025-08-08 04:00:00,66.12999725341797,67.87999725341797,0.026257756390936,632.3069659204185,635.4183349609375,0.004880662286220287,True,0.031138418677156287,32769.85417731519,33790.255616677794
395,2025-08-11 04:00:00,67.63999938964844,67.7300033569336,0.0011303861881774,635.6975853928571,634.1618041992188,-0.002455899051573865,True,-0.001325512863396465,33790.255616677794,33745.46619820043
396,2025-08-12 04:00:00,67.94999694824219,68.55000305175781,0.0086283664473868,636.5252873774225,640.9131469726562,0.006853456838631461,True,0.01548182328601826,33745.46619820043,34267.90754258528
397,2025-08-13 04:00:00,69.83999633789062,67.20999908447266,-0.0378499147734795,643.1269589799253,643.1070556640625,-7.094772437220965e-05,True,-0.03792086249785171,34267.90754258528,32968.43893257381
398,2025-08-14 04:00:00,67.02999877929688,67.30999755859375,0.0039764005774207,641.0128079474052,643.1668701171875,0.0033204042588163138,True,0.007296804836237014,32968.43893257381,33209.0031972202
399,2025-08-15 04:00:00,66.44000244140625,65.72000122070312,-0.0110346760948003,644.2040095711507,641.6610717773438,-0.003987410689821317,True,-0.015022086784621616,33209.0031972202,32710.13466916078
400,2025-08-18 04:00:00,66.05000305175781,65.73999786376953,-0.0048925338071418,641.0826373957427,641.5214233398438,0.0006444452158047818,True,-0.004248088591337018,32710.13466916078,32571.17911925162
401,2025-08-19 04:00:00,64.19000244140625,64.36499786376953,0.0025256847452179,641.341922870885,638.0410766601562,-0.005186780668809157,True,-0.002661095923591257,32571.17911925162,32484.504087270823
402,2025-08-20 04:00:00,64.9000015258789,64.3499984741211,-0.0086729083412563,637.6322365737963,636.3457641601562,-0.002057577437039012,True,-0.010730485778295312,32484.504087270823,32135.92957814739
403,2025-08-21 04:00:00,63.689998626708984,63.79999923706055,0.0015267999446268,634.5208697964243,633.7928466796875,-0.0011873588204756923,True,0.0003394411241511078,32135.92957814739,32146.837834209033
404,2025-08-22 04:00:00,66.25,63.45000076293945,-0.0424556674466416,635.9967649167205,643.52587890625,0.011798289760035774,True,-0.030657377686605827,32146.837834209033,31161.300085295617
405,2025-08-25 04:00:00,62.880001068115234,62.40999984741211,-0.007673059230307,642.2593311060981,640.6936645507812,-0.002477748242007576,True,-0.010150807472314576,31161.300085295617,30844.98772754276
406,2025-08-26 04:00:00,63.099998474121094,63.244998931884766,0.0020975075428104,640.4245042856638,643.3762817382812,0.00456909511248303,True,0.00666660265529343,30844.98772754276,31050.619004629694
407,2025-08-27 04:00:00,63.650001525878906,64.21499633789062,0.0086748324222923,642.7879219740594,644.8422241210938,0.0031559252450254994,True,0.011830757667317799,31050.619004629694,31417.97135349368
408,2025-08-28 04:00:00,63.58000183105469,62.779998779296875,-0.0127800845020164,645.4505066457858,647.1258544921875,0.0025556255811277646,True,-0.010224458920888635,31417.97135349368,31096.73959601223
409,2025-08-29 04:00:00,61.439998626708984,62.1349983215332,0.0111096020994846,645.6798938838932,643.2666015625,-0.0037775986835779886,True,0.007332003415906612,31096.73959601223,31324.740996953748
410,2025-09-02 04:00:00,62.970001220703125,63.2599983215332,0.0044044205314077,635.7374558444352,638.4998168945312,0.004305128676470489,True,0.008709549207878189,31324.740996953748,31597.565370090753
411,2025-09-03 04:00:00,63.77000045776367,62.93000030517578,-0.0133696861855827,640.8931560649971,641.960205078125,0.0016249405646323594,True,-0.01174474562095034,31597.565370090753,31226.46000257769
412,2025-09-04 04:00:00,62.349998474121094,64.12000274658203,0.028182543659769,642.6382997027142,647.3253173828125,0.007253399229810148,True,0.03543594288957915,31226.46000257769,32332.999055872762
413,2025-09-05 04:00:00,63.41999816894531,63.7599983215332,0.005160035279791,649.6787679935875,645.4505004882812,-0.006548243325181237,True,-0.0013882080453902369,32332.999055872762,32288.114126451805
414,2025-09-08 04:00:00,63.70000076293945,64.0999984741211,0.0060781630882469,646.826691508285,647.0361328125,0.0002837981780353771,True,0.006361961266282278,32288.114126451805,32493.52985788559
415,2025-09-09 04:00:00,63.220001220703125,64.5999984741211,0.0216241461435821,647.1756962960839,648.531982421875,0.0020557000294563607,True,0.023679846173038463,32493.52985788559,33262.97164653936
416,2025-09-10 04:00:00,64.52999877929688,64.625,0.0012719280121886,651.8128741836446,650.4067993164062,-0.0021971756602680473,True,-0.0009252476480794472,33262.97164653936,33232.195160255265
417,2025-09-11 04:00:00,65.02999877929688,65.31999969482422,0.0042586225904391,652.3713547945198,655.8118286132812,0.005233796578399924,True,0.009492419168839025,33232.195160255265,33547.64908661707
418,2025-09-12 04:00:00,66.37999725341797,65.36000061035156,-0.0155629312874967,655.7818843611192,655.5924072265625,-0.00032893316371689074,True,-0.015891864451213593,33547.64908661707,33014.51439467567
419,2025-09-15 04:00:00,65.5,65.56999969482422,0.0008685039107499,657.8162552961535,659.0827026367188,0.0018852296220547191,True,0.0027537335328046194,33014.51439467567,33105.42757003356
420,2025-09-16 04:00:00,66.37000274658203,66.02999877929688,-0.0053218115407004,659.6411384615709,658.1752319335938,-0.0022622788157148177,True,-0.0075840903564152184,33105.42757003356,32854.35301605466
421,2025-09-17 04:00:00,65.66999816894531,66.7300033569336,0.015938184117058,658.1852662695255,657.3575439453125,-0.0012975825783892237,True,0.014640601538668776,32854.35301605466,33335.36050737348
422,2025-09-18 04:00:00,66.75,66.01000213623047,-0.0112838733202807,660.0600439458431,660.4290161132812,0.0005189978833326576,True,-0.010764875436948042,33335.36050737348,32976.50950386585
423,2025-09-19 04:00:00,65.37000274658203,64.17500305175781,-0.0184768756511334,662.3300170898438,663.7000122070312,0.0020284478761917004,True,-0.0164484277749417,32976.50950386585,32434.09776902183
424,2025-09-22 04:00:00,63.650001525878906,64.16000366210938,0.0078110197431445,662.2000122070312,666.8400268554688,0.006966968533529472,True,0.01477798827667397,32434.09776902183,32913.40848561693
425,2025-09-23 04:00:00,63.40999984741211,64.19999694824219,0.0122560855887417,666.719970703125,663.2100219726562,-0.005304502166879967,True,0.006951583421861732,32913.40848561693,33142.2087904025
426,2025-09-24 04:00:00,64.41999816894531,63.380001068115234,-0.0163407616189266,664.510009765625,661.0999755859375,-0.005171652088868053,True,-0.021512413707794654,33142.2087904025,32429.239883713257
427,2025-09-25 04:00:00,62.099998474121094,62.0099983215332,-0.0016489680304728,657.9400024414062,658.0499877929688,0.00012716623271784557,True,-0.0015218017977549545,32429.239883713257,32379.889008158396
428,2025-09-26 04:00:00,61.939998626708984,63.720001220703125,0.0285318034744118,659.510009765625,661.8200073242188,0.0034625966617469095,True,0.03199440013615871,32379.889008158396,33415.864133449824
429,2025-09-29 04:00:00,64.97000122070312,64.4000015258789,-0.0089715006357797,664.3599853515625,663.6799926757812,-0.0010635304515238303,True,-0.01003503108730353,33415.864133449824,33080.534898061545
430,2025-09-30 04:00:00,65.0,66.30000305175781,0.0197960673386913,662.9299926757812,666.1799926757812,0.00486247844554753,True,0.02465854578423883,33080.534898061545,33896.252782412506
431,2025-10-01 04:00:00,66.73999786376953,67.76000213623047,0.0150802166513792,663.1699829101562,668.4500122070312,0.007921803810397006,True,0.023002020461776206,33896.252782412506,34675.9350824911
432,2025-10-02 04:00:00,68.7699966430664,68.6050033569336,-0.0025987047195725,670.4500122070312,669.219970703125,-0.0018746505802231532,True,-0.004473355299795654,34675.9350824911,34520.81730451447
433,2025-10-03 04:00:00,69.80999755859375,71.01000213623047,0.016986162995812,669.989990234375,669.2100219726562,-0.0012041491262368004,True,0.0157820138695752,34520.81730451447,35065.62532200339
434,2025-10-06 04:00:00,71.29000091552734,70.97000122070312,-0.0046877861063047,671.6199951171875,671.6099853515625,-5.4903912476955736e-05,True,-0.004742690018781655,35065.62532200339,34899.31993078638
435,2025-10-07 04:00:00,69.12999725341797,69.58000183105469,0.0063082595986917,672.5399780273438,669.1199951171875,-0.0051251741485874944,True,0.0011830854501042052,34899.31993078638,34940.60880841503
436,2025-10-08 04:00:00,70.05999755859375,70.1500015258789,0.0010844329501466,670.25,673.1099853515625,0.004227042672976501,True,0.005311475623123101,34940.60880841503,35126.19500035801
437,2025-10-09 04:00:00,68.73999786376953,69.31999969482422,0.0082359504651,673.530029296875,671.1599731445312,-0.003558857436568859,True,0.004677093028531141,35126.19500035801,35290.48348211301
438,2025-10-10 04:00:00,66.19999694824219,64.95999908447266,-0.0189273205782167,672.1300048828125,653.02001953125,-0.02847197776134748,True,-0.04739929833956418,35290.48348211301,33617.73932699688
439,2025-10-13 04:00:00,65.80999755859375,62.90999984741211,-0.0442573858247559,660.6500244140625,663.0399780273438,0.0035775789373517775,True,-0.04067980688740412,33617.73932699688,32250.176183183557
440,2025-10-14 04:00:00,63.90999984741211,63.290000915527344,-0.0098991655125162,657.1699829101562,662.22998046875,0.0076596784548595516,True,-0.0022394870576566478,32250.176183183557,32177.95233101417
441,2025-10-15 04:00:00,63.16999816894531,63.095001220703125,-0.001386966744532,666.8200073242188,665.1699829101562,-0.0025144674663911686,True,-0.0039014342109231683,32177.95233101417,32052.412166952498
442,2025-10-16 04:00:00,61.43000030517578,59.88999938964844,-0.0252641658801081,666.8200073242188,660.6400146484375,-0.009307857304672078,True,-0.03457202318478018,32052.412166952498,30944.295430388487
443,2025-10-17 04:00:00,60.470001220703125,62.880001068115234,0.0396465198656546,659.5,664.3900146484375,0.00737473032363533,True,0.04702125018928993,30944.295430388487,32399.334887752084
444,2025-10-20 04:00:00,62.93000030517578,61.72999954223633,-0.0192649852612767,667.3200073242188,671.2999877929688,0.005924125794322721,True,-0.013340859466953979,32399.334887752084,31967.099914191804
445,2025-10-21 04:00:00,63.4900016784668,61.41999816894531,-0.0327970739617157,671.4400024414062,671.2899780273438,-0.00026343681269659234,True,-0.03306051077441229,31967.099914191804,30910.251263051952
446,2025-10-22 04:00:00,61.209999084472656,61.959999084472656,0.0120504696992602,672.0,667.7999877929688,-0.006290018165225075,True,0.005760451534035125,30910.251263051952,31088.30826735761
447,2025-10-23 04:00:00,62.560001373291016,63.16999816894531,0.0095486580271908,668.1199951171875,671.760009765625,0.005408145056336842,True,0.01495680308352764,31088.30826735761,31553.289972312483
448,2025-10-24 04:00:00,62.83000183105469,65.375,0.0402980169111365,676.4600219726562,677.25,0.001127811846500638,True,0.04142582875763714,31553.289972312483,32860.411159445575
449,2025-10-27 04:00:00,65.27999877929688,65.3499984741211,0.0008721048263366,682.72998046875,685.239990234375,0.003636431147642986,True,0.0045085359739795855,32860.411159445575,33008.5635052777
450,2025-10-28 04:00:00,64.48999786376953,64.48500061035156,-0.0002774533193004,687.0499877929688,687.0599975585938,-2.543080444968107e-05,True,-0.0003028841237500811,33008.5635052777,32998.56573544415
451,2025-10-29 04:00:00,62.75,61.529998779296875,-0.0196383424698336,688.719970703125,687.3900146484375,-0.0019710548717350638,True,-0.02160939734156866,32998.56573544415,32285.486616765065
452,2025-10-30 04:00:00,60.400001525878906,62.349998474121094,0.0320782805707794,683.9000244140625,679.8300170898438,-0.005991172947691829,True,0.026087107623087566,32285.486616765065,33127.72158080037
453,2025-10-31 04:00:00,62.29999923706055,61.01499938964844,-0.0208218562278953,685.0399780273438,682.0599975585938,-0.004390082570846767,True,-0.025211938798742065,33127.72158080037,32292.507491763463
454,2025-11-03 05:00:00,60.529998779296875,58.880001068115234,-0.0274537017582323,685.6699829101562,683.3400268554688,-0.003438072123266326,True,-0.030891773881498625,32292.507491763463,31294.934652261305
455,2025-11-04 05:00:00,57.18000030517578,58.255001068115234,0.0185965533759029,676.1099853515625,675.239990234375,-0.0013267656683625543,True,0.017269787707540347,31294.934652261305,31835.391530027206
456,2025-11-05 05:00:00,58.91999816894531,58.400001525878906,-0.0090236845215749,674.97998046875,677.5800170898438,0.0038120203507193136,True,-0.005211664170855586,31835.391530027206,31669.476160625003
457,2025-11-06 05:00:00,57.2599983215332,56.880001068115234,-0.0068350004823199,676.469970703125,670.3099975585938,-0.009146055569811257,True,-0.015981056052131157,31669.476160625003,31163.36448696042
458,2025-11-07 05:00:00,58.880001068115234,60.29899978637695,0.0238950424361616,667.9099731445312,670.969970703125,0.004541452114253109,True,0.02843649455041471,31163.36448696042,32049.54133136646
459,2025-11-10 05:00:00,60.189998626708984,59.33000183105469,-0.0144851574918002,677.239990234375,681.4400024414062,0.006161660072639443,True,-0.008323497419160757,32049.54133136646,31782.777056809548
460,2025-11-11 05:00:00,58.349998474121094,59.470001220703125,0.0189907448945427,679.9500122070312,683.0,0.004445605909571025,True,0.023436350804113725,31782.777056809548,32527.649369441875
461,2025-11-12 05:00:00,57.59000015258789,58.119998931884766,0.0090011449977563,684.7899780273438,683.3800048828125,-0.0020989862436259976,True,0.006902158754130303,32527.649369441875,32752.16036928845
462,2025-11-13 05:00:00,55.59000015258789,54.09000015258789,-0.0271778541858548,680.5,672.0399780273438,-0.012472067557173035,True,-0.03964992174302784,32752.16036928845,31453.539773731063
463,2025-11-14 05:00:00,53.474998474121094,53.3849983215332,-0.0018826757836694,665.3800048828125,671.9299926757812,0.009803980499718114,True,0.007921304716048714,31453.539773731063,31702.692846677142
464,2025-11-17 05:00:00,52.099998474121094,52.025001525878906,-0.0016391729491852,669.7000122070312,665.6699829101562,-0.006057663466353881,True,-0.007696836415539081,31702.692846677142,31458.682405904186
465,2025-11-18 05:00:00,52.65999984741211,51.70500183105469,-0.0183315227026995,662.0999755859375,660.0800170898438,-0.0030908360830343646,True,-0.021422358785733862,31458.682405904186,30784.763224478455
466,2025-11-19 05:00:00,50.72999954223633,51.86000061035156,0.0220703748313124,660.780029296875,662.6300048828125,0.0027596844697410543,True,0.024830059301053455,30784.763224478455,31549.150720911148
467,2025-11-20 05:00:00,48.959999084472656,47.4900016784668,-0.0302184330944096,672.9099731445312,652.530029296875,-0.030326285923836255,True,-0.06054471901824586,31549.150720911148,29639.016255249295
468,2025-11-21 05:00:00,47.970001220703125,48.724998474121094,0.0155358184106952,655.0499877929688,659.030029296875,0.006035935543966697,True,0.021571753954661897,29639.016255249295,30278.381821365754
469,2025-11-24 05:00:00,50.56999969482422,49.474998474121094,-0.0218488281128071,662.6900024414062,668.72998046875,0.009074334010007632,True,-0.01277449410279947,30278.381821365754,29891.590811346407
470,2025-11-25 05:00:00,49.560001373291016,49.52000045776367,-0.0010069395467129,668.6300048828125,675.02001953125,0.009516876900188537,True,0.008509937353475636,29891.590811346407,30145.96637654669
471,2025-11-26 05:00:00,51.029998779296875,52.79999923706055,0.0344785725239811,677.6300048828125,679.6799926757812,0.002985231731471615,True,0.03746380425545272,30145.96637654669,31275.348959969095
472,2025-11-28 05:00:00,51.54999923706055,48.939998626708984,-0.0508203233782275,680.8599853515625,683.3900146484375,0.003675931838127655,True,-0.04714439154009984,31275.348959969095,29800.891663047056
473,2025-12-01 05:00:00,48.5,50.33000183105469,0.0375244708698528,678.8099975585938,680.27001953125,0.0021108551404772488,True,0.03963532601033005,29800.891663047056,30982.059719510456
474,2025-12-02 05:00:00,51.66999816894531,52.54999923706055,0.0168277946579317,681.9199829101562,681.530029296875,-0.0006118465847225757,True,0.016215948073209124,30982.059719510456,31484.4631911231
475,2025-12-03 05:00:00,52.7400016784668,52.665000915527344,-0.0016217805689372,680.5700073242188,683.8900146484375,0.0048382745176678375,True,0.0032164939487306374,31484.4631911231,31585.73277645638
476,2025-12-04 05:00:00,52.5099983215332,51.349998474121094,-0.0222865903183575,685.2999877929688,684.3900146484375,-0.0013678464332997416,True,-0.02365443675165724,31585.73277645638,30838.59005824095
477,2025-12-05 05:00:00,50.689998626708984,51.834999084472656,0.0223837941464304,685.469970703125,685.6900024414062,0.0002809939861487311,True,0.022664788132579133,30838.59005824095,31537.540168218442
478,2025-12-08 05:00:00,51.52000045776367,51.22999954223633,-0.0058277540425177,686.5900268554688,683.6300048828125,-0.004351192788821782,True,-0.010178946831339481,31537.540168218442,31216.521223654912
479,2025-12-09 05:00:00,52.849998474121094,52.189998626708984,-0.0126856541683749,683.1500244140625,683.0399780273438,-0.00020108670538822968,True,-0.01288674087376313,31216.521223654912,30814.242003665342
480,2025-12-10 05:00:00,52.4900016784668,51.15999984741211,-0.0255331065930656,682.5599975585938,687.5700073242188,0.007300028398301968,True,-0.018233078194763632,30814.242003665342,30252.403519700143
481,2025-12-11 05:00:00,52.099998474121094,52.310001373291016,0.0038299798624716,685.1400146484375,689.1699829101562,0.005841963066755965,True,0.009671942929227566,30252.403519700143,30545.003040014646
