Date,Open,High,Low,Close,Volume,Dividends,Stock Splits,peg_distance,daily_return,dow,week_of_month,btc_close,btc_return
2025-07-30 00:00:00-04:00,93.73999786376953,95.0,93.30000305175781,94.5,3074400,0.0,0.0,-5.5,,2,5,117831.1875,
2025-07-31 00:00:00-04:00,95.0,95.98999786376953,94.0,94.4800033569336,1964100,0.0,0.0,-5.519996643066406,-0.00021160468853342884,3,5,115758.203125,-0.017592832754910526
2025-08-01 00:00:00-04:00,94.68000030517578,95.25,93.55000305175781,94.13999938964844,2693000,0.0,0.0,-5.8600006103515625,-0.003598687078795515,4,1,113320.0859375,-0.021062154747402473
2025-08-04 00:00:00-04:00,95.9000015258789,96.38999938964844,95.1500015258789,96.38999938964844,1445300,0.0,0.0,-3.6100006103515625,0.023900573768724787,0,1,115071.8828125,0.015458838214843729
2025-08-05 00:00:00-04:00,96.75,97.18000030517578,96.01000213623047,96.5,1410000,0.0,0.0,-3.5,0.0011412035589593028,1,1,114141.4453125,-0.008085706753543476
2025-08-06 00:00:00-04:00,96.98999786376953,97.30000305175781,96.8499984741211,97.0,1348800,0.0,0.0,-3.0,0.005181347150259086,2,1,115028.0,0.007767158415357134
2025-08-07 00:00:00-04:00,97.55000305175781,97.75,97.30000305175781,97.58999633789062,1291000,0.0,0.0,-2.410003662109375,0.00608243647309914,3,1,117496.8984375,0.021463456180234486
2025-08-08 00:00:00-04:00,97.80000305175781,97.88999938964844,97.4000015258789,97.5,826000,0.0,0.0,-2.5,-0.0009221881470209414,4,2,116688.7265625,-0.0068782400705657
2025-08-11 00:00:00-04:00,98.25,98.33000183105469,97.86499786376953,98.05000305175781,1357500,0.0,0.0,-1.9499969482421875,0.0056410569411058376,0,2,118731.4453125,0.017505707793510794
2025-08-12 00:00:00-04:00,98.48999786376953,98.48999786376953,97.27999877929688,97.79000091552734,818400,0.0,0.0,-2.2099990844726562,-0.0026517300167060442,1,2,120172.90625,0.012140515376580119
2025-08-13 00:00:00-04:00,98.16000366210938,98.19999694824219,97.6500015258789,97.9000015258789,759100,0.0,0.0,-2.0999984741210938,0.0011248656234963406,2,2,123344.0625,0.026388279596092357
2025-08-14 00:00:00-04:00,97.9800033569336,98.19000244140625,97.5999984741211,98.01000213623047,822000,0.0,0.0,-1.9899978637695312,0.0011236017225442207,3,2,118359.578125,-0.040411222672351976
2025-08-15 00:00:00-04:00,97.77999877929688,97.9000015258789,96.37999725341797,96.94999694824219,650800,0.8,0.0,-3.0500030517578125,-0.010815275633959343,4,3,117398.3515625,-0.008121240187970669
2025-08-18 00:00:00-04:00,97.19999694824219,97.2300033569336,95.43000030517578,96.25,715300,0.0,0.0,-3.75,-0.007220185356126341,0,3,116252.3125,-0.009761968948004185
2025-08-19 00:00:00-04:00,96.25,96.25,92.19999694824219,93.5999984741211,1311600,0.0,0.0,-6.400001525878906,-0.02753248338575487,1,3,112831.1796875,-0.029428514056440758
2025-08-20 00:00:00-04:00,94.0,94.48699951171875,92.52999877929688,93.98999786376953,821900,0.0,0.0,-6.010002136230469,0.004166660213742013,2,3,114274.7421875,0.012794003430595335
2025-08-21 00:00:00-04:00,94.0999984741211,94.52999877929688,93.5999984741211,94.44000244140625,419900,0.0,0.0,-5.55999755859375,0.0047877921892174324,3,3,112419.03125,-0.01623902974513114
2025-08-22 00:00:00-04:00,94.83999633789062,95.80000305175781,94.12000274658203,95.05000305175781,722500,0.0,0.0,-4.9499969482421875,0.006459133784224802,4,4,116874.0859375,0.03962900798880531
2025-08-25 00:00:00-04:00,95.0,95.25,94.5,95.0999984741211,566000,0.0,0.0,-4.900001525878906,0.0005259907496906191,0,4,110124.3515625,-0.05775218963945106
2025-08-26 00:00:00-04:00,95.11000061035156,95.80000305175781,94.91999816894531,95.66000366210938,355500,0.0,0.0,-4.339996337890625,0.005888593028113176,1,4,111802.65625,0.015240086898922645
2025-08-27 00:00:00-04:00,95.87999725341797,96.94999694824219,95.66000366210938,96.5199966430664,506800,0.0,0.0,-3.4800033569335938,0.00899009981219212,2,4,111222.0625,-0.005193022862549412
2025-08-28 00:00:00-04:00,96.91999816894531,97.62000274658203,96.69999694824219,97.41000366210938,579900,0.0,0.0,-2.589996337890625,0.009220959904653103,3,4,112544.8046875,0.01189280397942638
2025-08-29 00:00:00-04:00,97.38999938964844,97.9000015258789,97.23999786376953,97.75,3887600,0.0,0.0,-2.25,0.0034903636701419938,4,5,108410.8359375,-0.036731759955323295
2025-09-02 00:00:00-04:00,97.5,98.0999984741211,97.19999694824219,97.4800033569336,688400,0.0,0.0,-2.5199966430664062,-0.0027621139955642526,1,1,111200.5859375,0.025733128758534063
2025-09-03 00:00:00-04:00,98.43000030517578,98.43000030517578,97.55000305175781,97.66999816894531,606000,0.0,0.0,-2.3300018310546875,0.001949064479573659,2,1,111723.2109375,0.004699840343410866
2025-09-04 00:00:00-04:00,97.88999938964844,97.93900299072266,97.33999633789062,97.45999908447266,631000,0.0,0.0,-2.5400009155273438,-0.0021500879329331424,3,1,110723.6015625,-0.008947195185422974
2025-09-05 00:00:00-04:00,97.7699966430664,97.97000122070312,97.50199890136719,97.5999984741211,410100,0.0,0.0,-2.4000015258789062,0.0014364805147093485,4,1,110650.984375,-0.0006558419928113235
2025-09-08 00:00:00-04:00,97.80000305175781,97.9000015258789,97.44999694824219,97.55999755859375,375000,0.0,0.0,-2.44000244140625,-0.0004098454523844275,0,2,112071.4296875,0.012837168331788718
2025-09-09 00:00:00-04:00,97.51000213623047,97.69000244140625,97.19000244140625,97.33000183105469,318300,0.0,0.0,-2.6699981689453125,-0.0023574798410683773,1,2,111530.546875,-0.004826232823193166
2025-09-10 00:00:00-04:00,97.54000091552734,97.6500015258789,97.30000305175781,97.4000015258789,313500,0.0,0.0,-2.5999984741210938,0.0007191995634163728,2,2,113955.359375,0.02174124101370767
2025-09-11 00:00:00-04:00,97.5,97.54000091552734,97.25,97.37000274658203,308600,0.0,0.0,-2.6299972534179688,-0.0003079956758409441,3,2,115507.5390625,0.013620945043858246
2025-09-12 00:00:00-04:00,97.62999725341797,97.79000091552734,97.13400268554688,97.25,472300,0.0,0.0,-2.75,-0.0012324406202838256,4,2,116101.578125,0.005142859655061782
2025-09-15 00:00:00-04:00,96.80000305175781,97.21600341796875,96.61000061035156,96.9000015258789,333500,0.833,0.0,-3.0999984741210938,-0.003598956032093481,0,3,115444.875,-0.005656280781067169
2025-09-16 00:00:00-04:00,97.08000183105469,97.5,96.62000274658203,96.94999694824219,281500,0.0,0.0,-3.0500030517578125,0.0005159486230754684,1,3,116843.1875,0.012112382641498831
2025-09-17 00:00:00-04:00,96.9000015258789,97.33999633789062,96.87999725341797,97.26000213623047,249800,0.0,0.0,-2.7399978637695312,0.0031975781098145806,2,3,116468.5078125,-0.0032066883445814875
2025-09-18 00:00:00-04:00,97.48999786376953,98.0999984741211,97.0999984741211,97.5,328300,0.0,0.0,-2.5,0.002467590566504141,3,3,117137.203125,0.005741425944741474
2025-09-19 00:00:00-04:00,97.63999938964844,97.73999786376953,97.4000015258789,97.69999694824219,283300,0.0,0.0,-2.3000030517578125,0.0020512507512018274,4,3,115688.859375,-0.012364506846338497
2025-09-22 00:00:00-04:00,97.75,97.75,97.51000213623047,97.55000305175781,231900,0.0,0.0,-2.4499969482421875,-0.0015352497560858769,0,4,112748.5078125,-0.025416030362690245
2025-09-23 00:00:00-04:00,97.5,97.75,97.4000015258789,97.4000015258789,214200,0.0,0.0,-2.5999984741210938,-0.0015376885821245523,1,4,112014.5,-0.00651013327573835
2025-09-24 00:00:00-04:00,97.75,97.75,97.5,97.5,134600,0.0,0.0,-2.5,0.001026678362982647,2,4,113328.6328125,0.011731809832655538
2025-09-25 00:00:00-04:00,97.48999786376953,97.48999786376953,96.87999725341797,96.91999816894531,533100,0.0,0.0,-3.0800018310546875,-0.0059487367287660575,3,4,109049.2890625,-0.03776048156409062
2025-09-26 00:00:00-04:00,97.05000305175781,97.29000091552734,96.95999908447266,97.0,306800,0.0,0.0,-3.0,0.0008254419373310284,4,4,109712.828125,0.0060847628462732395
2025-09-29 00:00:00-04:00,97.30999755859375,97.34500122070312,96.94999694824219,97.05000305175781,277000,0.0,0.0,-2.9499969482421875,0.0005154953789465733,0,5,114400.3828125,0.04272567545300432
2025-09-30 00:00:00-04:00,97.19999694824219,97.45999908447266,97.04000091552734,97.05999755859375,423100,0.0,0.0,-2.94000244140625,0.00010298306565337256,1,5,114056.0859375,-0.003009577997342028
2025-10-01 00:00:00-04:00,97.87999725341797,98.25,97.4000015258789,97.9800033569336,620600,0.0,0.0,-2.0199966430664062,0.009478732963952963,2,1,118648.9296875,0.04026829179914837
2025-10-02 00:00:00-04:00,99.12999725341797,100.0,98.58000183105469,98.97000122070312,989600,0.0,0.0,-1.029998779296875,0.01010408072923874,3,1,120681.2578125,0.017128920845327356
2025-10-03 00:00:00-04:00,99.25,99.4000015258789,98.6500015258789,99.0,763300,0.0,0.0,-1.0,0.0003031098204189231,4,1,122266.53125,0.013136036748664148
2025-10-06 00:00:00-04:00,99.37000274658203,99.5999984741211,99.03299713134766,99.1500015258789,856700,0.0,0.0,-0.8499984741210938,0.0015151669280697444,0,1,124752.53125,0.020332628844412337
2025-10-07 00:00:00-04:00,99.30000305175781,99.4000015258789,98.55000305175781,98.69999694824219,609900,0.0,0.0,-1.3000030517578125,-0.004538624011208525,1,1,121451.3828125,-0.026461574802715715
2025-10-08 00:00:00-04:00,99.0,99.02999877929688,98.58000183105469,98.9000015258789,417300,0.0,0.0,-1.0999984741210938,0.0020263888938274466,2,2,123354.8671875,0.01567280940669602
2025-10-09 00:00:00-04:00,99.19999694824219,99.27899932861328,98.66000366210938,98.75,504600,0.0,0.0,-1.25,-0.001516698923808013,3,2,121705.5859375,-0.013370216251727518
2025-10-10 00:00:00-04:00,99.05000305175781,99.19000244140625,98.62999725341797,98.62999725341797,1054300,0.0,0.0,-1.3700027465820312,-0.0012152176869066889,4,2,113214.3671875,-0.06976852117831744
2025-10-13 00:00:00-04:00,99.13999938964844,99.19000244140625,98.9010009765625,99.02999877929688,682400,0.0,0.0,-0.970001220703125,0.004055576771954561,0,2,115271.078125,0.018166518866759906
2025-10-14 00:00:00-04:00,99.04000091552734,99.05000305175781,98.77999877929688,98.80000305175781,901100,0.0,0.0,-1.1999969482421875,-0.002322485412240005,1,2,113118.6640625,-0.01867262888064536
2025-10-15 00:00:00-04:00,98.3499984741211,98.58699798583984,98.19999694824219,98.37999725341797,567600,0.854,0.0,-1.6200027465820312,-0.004251070702091186,2,3,110783.1640625,-0.02064646024028005
2025-10-16 00:00:00-04:00,98.56999969482422,98.6500015258789,97.08000183105469,97.30000305175781,813000,0.0,0.0,-2.6999969482421875,-0.010977782392880053,3,3,108186.0390625,-0.023443318504017374
2025-10-17 00:00:00-04:00,97.30000305175781,98.05000305175781,96.75,97.4000015258789,954700,0.0,0.0,-2.5999984741210938,0.001027733514745055,4,3,106467.7890625,-0.01588236351834038
2025-10-20 00:00:00-04:00,98.5,98.80000305175781,98.19999694824219,98.62000274658203,600700,0.0,0.0,-1.3799972534179688,0.012525679687787061,0,3,110588.9296875,0.03870786330108489
2025-10-21 00:00:00-04:00,98.6500015258789,98.75900268554688,98.43000030517578,98.625,373600,0.0,0.0,-1.375,5.0671803678792315e-05,1,3,108476.890625,-0.019098105646452646
2025-10-22 00:00:00-04:00,98.6500015258789,98.69999694824219,97.9000015258789,98.12000274658203,560300,0.0,0.0,-1.8799972534179688,-0.00512037772793883,2,4,107688.5859375,-0.007267028792566799
2025-10-23 00:00:00-04:00,98.52999877929688,98.66999816894531,98.1500015258789,98.66999816894531,481500,0.0,0.0,-1.3300018310546875,0.005605334355562208,3,4,110069.7265625,0.022111355667553845
2025-10-24 00:00:00-04:00,98.8499984741211,98.89700317382812,98.61000061035156,98.70999908447266,534400,0.0,0.0,-1.2900009155273438,0.0004054009959426619,4,4,111033.921875,0.008759859251149305
2025-10-27 00:00:00-04:00,98.93000030517578,98.93000030517578,98.30999755859375,98.5,706100,0.0,0.0,-1.5,-0.0021274347727725518,0,4,114119.328125,0.02778796063308908
2025-10-28 00:00:00-04:00,98.79000091552734,98.83999633789062,98.49500274658203,98.5999984741211,591000,0.0,0.0,-1.4000015258789062,0.001015212935239429,1,4,112956.1640625,-0.01019252462848308
2025-10-29 00:00:00-04:00,98.80999755859375,98.9000015258789,98.5999984741211,98.72000122070312,886600,0.0,0.0,-1.279998779296875,0.001217066414189949,2,5,110055.3046875,-0.025681284408657135
2025-10-30 00:00:00-04:00,98.9800033569336,99.0199966430664,98.7699966430664,98.88999938964844,994500,0.0,0.0,-1.1100006103515625,0.0017220235701300712,3,5,108305.546875,-0.015898895718551742
2025-10-31 00:00:00-04:00,99.63999938964844,99.63999938964844,99.13999938964844,99.37999725341797,1449500,0.0,0.0,-0.6200027465820312,0.004954978934106791,4,5,109556.1640625,0.011547120379193476
2025-11-03 00:00:00-05:00,99.7699966430664,99.8499984741211,99.48999786376953,99.61000061035156,1233000,0.0,0.0,-0.3899993896484375,0.0023143828063014737,0,1,106547.5234375,-0.027462084408902965
2025-11-04 00:00:00-05:00,99.69999694824219,100.13999938964844,99.55000305175781,99.73999786376953,1518000,0.0,0.0,-0.26000213623046875,0.0013050622690635727,1,1,101590.5234375,-0.046523840630681046
2025-11-05 00:00:00-05:00,100.19000244140625,100.19000244140625,99.87999725341797,100.01000213623047,1016000,0.0,0.0,0.01000213623046875,0.002707081193542127,2,1,103891.8359375,0.02265282648549194
2025-11-06 00:00:00-05:00,100.18000030517578,100.19999694824219,99.8550033569336,99.88999938964844,1218800,0.0,0.0,-0.1100006103515625,-0.0011999074494425388,3,1,101301.2890625,-0.02493503798083263
2025-11-07 00:00:00-05:00,100.04000091552734,100.05000305175781,99.16000366210938,99.18000030517578,1508000,0.0,0.0,-0.8199996948242188,-0.0071078094785356205,4,1,103372.40625,0.020445121741957006
2025-11-10 00:00:00-05:00,99.83999633789062,100.02999877929688,99.69999694824219,99.95999908447266,1214900,0.0,0.0,-0.04000091552734375,0.007864476476072024,0,2,105996.59375,0.025385763911246917
2025-11-11 00:00:00-05:00,100.06999969482422,100.06999969482422,99.94000244140625,100.0,766500,0.0,0.0,0.0,0.0004001692266277779,1,2,102997.46875,-0.028294541304540788
2025-11-12 00:00:00-05:00,100.0199966430664,100.0999984741211,99.94999694824219,100.01000213623047,1776400,0.0,0.0,0.01000213623046875,0.00010002136230458092,2,2,101663.1875,-0.012954505253314763
2025-11-13 00:00:00-05:00,100.02999877929688,100.06600189208984,97.81999969482422,98.625,2691900,0.0,0.0,-1.375,-0.013848636202845599,3,2,99697.4921875,-0.01933536967351135
2025-11-14 00:00:00-05:00,98.0,99.41000366210938,97.08000183105469,97.76000213623047,1976800,0.875,0.0,-2.2399978637695312,-0.008770574030616318,4,2,94397.7890625,-0.053157837862490065
2025-11-17 00:00:00-05:00,98.18000030517578,98.4000015258789,92.47200012207031,94.58000183105469,2884000,0.0,0.0,-5.4199981689453125,-0.03252864398206934,0,3,92093.875,-0.024406440928130158
2025-11-18 00:00:00-05:00,94.87000274658203,97.0999984741211,94.31500244140625,96.38999938964844,1395600,0.0,0.0,-3.6100006103515625,0.019137212133141013,1,3,92948.875,0.009284005043766586
2025-11-19 00:00:00-05:00,96.77999877929688,96.9000015258789,91.12999725341797,94.58999633789062,2099100,0.0,0.0,-5.410003662109375,-0.018674168099964916,2,3,91465.9921875,-0.015953746750565823
2025-11-20 00:00:00-05:00,95.98999786376953,96.5,90.68000030517578,92.79000091552734,1835700,0.0,0.0,-7.209999084472656,-0.019029448060589926,3,3,86631.8984375,-0.05285126891851111
2025-11-21 00:00:00-05:00,90.63999938964844,95.88999938964844,90.5199966430664,95.37999725341797,2306300,0.0,0.0,-4.620002746582031,0.027912450828063484,4,3,85090.6875,-0.017790340109098413
2025-11-24 00:00:00-05:00,95.66000366210938,97.58999633789062,95.4000015258789,96.37999725341797,1098600,0.0,0.0,-3.6200027465820312,0.010484378578278442,0,4,88270.5625,0.03737042317351125
2025-11-25 00:00:00-05:00,96.38999938964844,97.23999786376953,95.69999694824219,96.29000091552734,558400,0.0,0.0,-3.7099990844726562,-0.0009337657237526997,1,4,87341.890625,-0.010520742688141405
2025-11-26 00:00:00-05:00,97.19000244140625,97.56999969482422,96.69000244140625,97.16999816894531,545700,0.0,0.0,-2.8300018310546875,0.009139030481368104,2,4,90518.3671875,0.03636830551491177
2025-11-28 00:00:00-05:00,97.83999633789062,97.91000366210938,96.5999984741211,96.66000366210938,523500,0.0,0.0,-3.339996337890625,-0.005248477065413093,4,4,90919.265625,0.004428918129616433
2025-12-01 00:00:00-05:00,96.1500015258789,96.94000244140625,95.56999969482422,96.41000366210938,988500,0.0,0.0,-3.589996337890625,-0.002586385169960459,0,1,86321.5703125,-0.05056898866147219
2025-12-02 00:00:00-05:00,97.27999877929688,98.0,97.25,97.80000305175781,773400,0.0,0.0,-2.1999969482421875,0.014417584657708371,1,1,91350.203125,0.05825464938016567
2025-12-03 00:00:00-05:00,98.5,98.69999694824219,98.0999984741211,98.19999694824219,597100,0.0,0.0,-1.8000030517578125,0.004089917014344913,2,1,93527.8046875,0.023837949867722363
2025-12-04 00:00:00-05:00,98.5999984741211,98.70999908447266,97.87000274658203,98.19999694824219,518800,0.0,0.0,-1.8000030517578125,0.0,3,1,92141.625,-0.014821043775501641
2025-12-05 00:00:00-05:00,98.25,98.25,97.69599914550781,98.19000244140625,561500,0.0,0.0,-1.80999755859375,-0.00010177705851865948,4,1,89387.7578125,-0.029887330373216225
2025-12-08 00:00:00-05:00,98.58000183105469,98.79000091552734,98.45999908447266,98.52999877929688,550000,0.0,0.0,-1.470001220703125,0.0034626370245129934,0,2,90640.203125,0.01401137407571107
2025-12-09 00:00:00-05:00,98.7300033569336,99.08999633789062,98.6500015258789,99.08999633789062,507900,0.0,0.0,-0.910003662109375,0.005683523450031869,1,2,92691.7109375,0.022633530616329445
2025-12-10 00:00:00-05:00,99.45999908447266,99.45999908447266,98.93000030517578,98.9800033569336,685700,0.0,0.0,-1.0199966430664062,-0.001110031133536027,2,2,92020.9453125,-0.007236522211271801
2025-12-11 00:00:00-05:00,99.0,99.4000015258789,98.97000122070312,99.06999969482422,608000,0.0,0.0,-0.9300003051757812,0.0009092375716142076,3,2,92511.3359375,0.005329119618741718
2025-12-12 00:00:00-05:00,99.27999877929688,99.30000305175781,98.93000030517578,99.05999755859375,828800,0.0,0.0,-0.94000244140625,-0.0001009602933408349,4,2,90270.4140625,-0.024223213861206738
2025-12-15 00:00:00-05:00,98.75,98.83000183105469,97.0999984741211,97.69999694824219,821400,0.896,0.0,-2.3000030517578125,-0.013729059598927673,0,3,86419.78125,-0.042656642849050797
2025-12-16 00:00:00-05:00,98.0,98.16999816894531,97.66000366210938,97.83999633789062,389400,0.0,0.0,-2.160003662109375,0.0014329518323588086,1,3,87843.984375,0.01648005936140917
2025-12-17 00:00:00-05:00,98.18000030517578,98.19999694824219,97.23999786376953,97.33000183105469,536100,0.0,0.0,-2.6699981689453125,-0.005212536037661586,2,3,86143.7578125,-0.01935507109105894
2025-12-18 00:00:00-05:00,98.08999633789062,98.30400085449219,97.66000366210938,97.9000015258789,326100,0.0,0.0,-2.0999984741210938,0.005856361698355128,3,3,85462.5078125,-0.007908292107279613
2025-12-19 00:00:00-05:00,98.19999694824219,98.73999786376953,98.05799865722656,98.73999786376953,421000,0.0,0.0,-1.2600021362304688,0.008580146320718685,4,3,88103.3828125,0.03090097713717843
2025-12-22 00:00:00-05:00,98.81999969482422,99.00499725341797,98.62999725341797,98.94000244140625,458000,0.0,0.0,-1.05999755859375,0.002025567976137399,0,4,88490.015625,0.004388399175577984
2025-12-23 00:00:00-05:00,98.95999908447266,99.02999877929688,98.6500015258789,99.0,495300,0.0,0.0,-1.0,0.0006064034476780389,1,4,87414.0,-0.01215974047919599
2025-12-24 00:00:00-05:00,99.0,99.02999877929688,98.9000015258789,98.95999908447266,200700,0.0,0.0,-1.0400009155273438,-0.00040404965179130503,2,4,87611.9609375,0.0022646365284737513
2025-12-26 00:00:00-05:00,99.0,99.1500015258789,98.68000030517578,99.1500015258789,384700,0.0,0.0,-0.8499984741210938,0.0019199923521024953,4,4,87301.4296875,-0.0035443933302842234
2025-12-29 00:00:00-05:00,99.0,99.0999984741211,98.61000061035156,98.79000091552734,527300,0.0,0.0,-1.2099990844726562,-0.00363086842976601,0,5,87138.140625,-0.0018704053654620134
2025-12-30 00:00:00-05:00,99.0,99.18000030517578,98.86000061035156,98.9800033569336,334800,0.0,0.0,-1.0199966430664062,0.0019232962814599297,1,5,88430.1328125,0.014826942349620564
2025-12-31 00:00:00-05:00,99.18000030517578,99.18000030517578,98.6500015258789,98.79499816894531,580300,0.0,0.0,-1.2050018310546875,-0.0018691168085853693,2,5,87508.828125,-0.01041844740246467
2026-01-02 00:00:00-05:00,99.16000366210938,99.68000030517578,98.83999633789062,99.66999816894531,829700,0.0,0.0,-0.3300018310546875,0.008856723682546086,4,1,89944.6953125,0.027835673722204746
2026-01-05 00:00:00-05:00,99.8499984741211,99.97000122070312,99.69999694824219,99.93000030517578,859400,0.0,0.0,-0.06999969482421875,0.002608629888702918,0,1,93882.5546875,0.043780896264292934
2026-01-06 00:00:00-05:00,99.94999694824219,99.98999786376953,99.86000061035156,99.97000122070312,516300,0.0,0.0,-0.029998779296875,0.0004002893566015242,1,1,93729.03125,-0.0016352711961346023
2026-01-07 00:00:00-05:00,100.0199966430664,100.06999969482422,99.98999786376953,99.98999786376953,771400,0.0,0.0,-0.01000213623046875,0.00020002643615324445,2,1,91308.0546875,-0.025829527204251357
2026-01-08 00:00:00-05:00,99.98999786376953,100.08999633789062,99.9800033569336,100.02999877929688,811100,0.0,0.0,0.029998779296875,0.00040004916873637164,3,2,91027.125,-0.003076724046541912
2026-01-09 00:00:00-05:00,100.11000061035156,100.1500015258789,100.0,100.02999877929688,1169100,0.0,0.0,0.029998779296875,0.0,4,2,90513.1015625,-0.005646925984974294
2026-01-12 00:00:00-05:00,100.01000213623047,100.12000274658203,100.0,100.06999969482422,1765300,0.0,0.0,0.06999969482421875,0.0003998891933969517,0,2,91192.9921875,0.00751151615913348
2026-01-13 00:00:00-05:00,100.30999755859375,100.41799926757812,100.0,100.0199966430664,1753700,0.0,0.0,0.01999664306640625,-0.0004996807425832195,1,2,95321.78125,0.04527528885126264
2026-01-14 00:00:00-05:00,100.18000030517578,100.19000244140625,100.0,100.05000305175781,1970100,0.0,0.0,0.0500030517578125,0.0003000040961658179,2,2,96929.328125,0.016864423365986925
2026-01-15 00:00:00-05:00,99.55000305175781,99.98999786376953,99.43000030517578,99.98999786376953,1179300,0.917,0.0,-0.01000213623046875,-0.0005997519855870381,3,3,95551.1875,-0.01421799419905967
2026-01-16 00:00:00-05:00,99.98999786376953,100.04000091552734,99.87999725341797,100.01000213623047,925800,0.0,0.0,0.01000213623046875,0.0002000627351566031,4,3,95525.1171875,-0.00027284132392391136
2026-01-20 00:00:00-05:00,99.9000015258789,100.04000091552734,99.08000183105469,99.12000274658203,1696900,0.0,0.0,-0.8799972534179688,-0.008899103795999452,1,3,88310.90625,-0.07552161305742966
2026-01-21 00:00:00-05:00,99.80000305175781,99.98999786376953,99.5,99.55000305175781,1391200,0.0,0.0,-0.4499969482421875,0.004338178906987622,2,3,89376.9609375,0.012071608510981546
2026-01-22 00:00:00-05:00,99.83999633789062,99.8499984741211,99.5,99.70999908447266,943800,0.0,0.0,-0.29000091552734375,0.001607192645003419,3,4,89462.453125,0.000956534957143873
2026-01-23 00:00:00-05:00,99.83000183105469,99.94000244140625,99.25,99.5,1178300,0.0,0.0,-0.5,-0.002106098549802926,4,4,89503.875,0.00046300848627667257
2026-01-26 00:00:00-05:00,99.63999938964844,99.69000244140625,98.73500061035156,99.05000305175781,1276800,0.0,0.0,-0.9499969482421875,-0.004522582394393848,0,4,88267.140625,-0.013817662922415375
2026-01-27 00:00:00-05:00,99.30000305175781,99.38500213623047,99.0,99.16000366210938,1067800,0.0,0.0,-0.839996337890625,0.0011105563549966835,1,4,89102.5703125,0.009464787027023913
2026-01-28 00:00:00-05:00,99.43000030517578,99.5,98.8479995727539,98.98999786376953,1092400,0.0,0.0,-1.0100021362304688,-0.0017144593794000684,2,4,89184.5703125,0.0009202877056453396
2026-01-29 00:00:00-05:00,99.0,99.08999633789062,97.94999694824219,98.19000244140625,1929900,0.0,0.0,-1.80999755859375,-0.008081578337482576,3,5,84561.5859375,-0.05183614563372574
2026-01-30 00:00:00-05:00,98.37999725341797,99.43000030517578,98.25,98.98999786376953,1242000,0.0,0.0,-1.0100021362304688,0.00814742236961119,4,5,84128.65625,-0.005119696877728619
2026-02-02 00:00:00-05:00,98.3499984741211,99.43000030517578,98.30000305175781,99.05000305175781,1375600,0.0,0.0,-0.9499969482421875,0.0006061742527851965,0,1,78688.765625,-0.06466156560060354
2026-02-03 00:00:00-05:00,99.16999816894531,99.33999633789062,97.8499984741211,98.45500183105469,1510400,0.0,0.0,-1.5449981689453125,-0.006007079276839744,1,1,75633.546875,-0.03882661934945053
2026-02-04 00:00:00-05:00,98.62000274658203,98.69999694824219,97.0,97.98999786376953,1728400,0.0,0.0,-2.0100021362304688,-0.004723010092296698,2,1,73019.703125,-0.03455931736640505
2026-02-05 00:00:00-05:00,96.58999633789062,96.87000274658203,93.0999984741211,93.66999816894531,3369100,0.0,0.0,-6.3300018310546875,-0.044086129084624504,3,1,62702.09765625,-0.14129892381358544
2026-02-06 00:00:00-05:00,97.37999725341797,98.93000030517578,96.25199890136719,98.76000213623047,1916300,0.0,0.0,-1.2399978637695312,0.054339746629488594,4,1,70555.390625,0.1252476912623226
2026-02-09 00:00:00-05:00,98.9000015258789,99.72000122070312,98.33999633789062,99.72000122070312,1052000,0.0,0.0,-0.279998779296875,0.0097205251489203,0,2,70120.78125,-0.006159832312600089
2026-02-10 00:00:00-05:00,99.5,99.9000015258789,99.45999908447266,99.66999816894531,924100,0.0,0.0,-0.3300018310546875,-0.0005014345281358912,1,2,68793.9609375,-0.018921927121284043
2026-02-11 00:00:00-05:00,99.7699966430664,100.04000091552734,99.4000015258789,100.0,930400,0.0,0.0,0.0,0.0033109444879824146,2,2,66991.96875,-0.02619404614799148
2026-02-12 00:00:00-05:00,100.01000213623047,100.08999633789062,99.94999694824219,100.02999877929688,1993900,0.0,0.0,0.029998779296875,0.0002999877929688033,3,2,66221.84375,-0.011495780977477277
2026-02-13 00:00:00-05:00,99.54000091552734,99.9000015258789,99.41999816894531,99.80000305175781,1037100,0.938,0.0,-0.1999969482421875,-0.0022992675232008652,4,2,68857.84375,0.039805596623848194
2026-02-17 00:00:00-05:00,99.7300033569336,99.7699966430664,99.27100372314453,99.33000183105469,1104000,0.0,0.0,-0.6699981689453125,-0.004709430925161184,1,3,67494.21875,-0.019803480994131428
2026-02-18 00:00:00-05:00,99.44000244140625,99.62999725341797,99.31999969482422,99.5,634900,0.0,0.0,-0.5,0.0017114483621418763,2,3,66425.3203125,-0.015836888807606253
2026-02-19 00:00:00-05:00,99.4000015258789,99.69999694824219,99.19999694824219,99.66000366210938,418900,0.0,0.0,-0.339996337890625,0.0016080770061244198,3,3,66957.5234375,0.008012052068341324
2026-02-20 00:00:00-05:00,99.54000091552734,99.8499984741211,99.54000091552734,99.81999969482422,457700,0.0,0.0,-0.18000030517578125,0.0016054186919087776,4,3,66957.5234375,0.0
