trade_number,date,ibit_buy_price,ibit_sell_price,ibit_overnight_return,strc_open_price,strc_close_price,strc_price_return,strc_dividend_return,strc_total_return,combined_return,portfolio_value_before,portfolio_value_after
1,2025-07-30 04:00:00,66.37000274658203,67.12000274658203,0.0110980459731026,90.57097349415297,91.30528259277344,0.008107554443674789,0.0002945205479452055,0.008302074991619996,0.019400120964722593,30561.760023374183,31154.661864722464
2,2025-07-31 04:00:00,66.31999969482422,65.6500015258789,-0.0103004653125029,91.78836699873536,91.28594970703125,-0.005473648874383263,0.0002945205479452055,-0.005279128326438058,-0.015579593638940958,31154.661864722464,30669.28489291148
3,2025-08-01 04:00:00,64.22000122070312,64.79199981689453,0.0087050993664295,91.47919621469687,90.95745086669922,-0.005703431704549987,0.0002945205479452055,-0.005508911156604782,0.0031961882098247183,30669.28489291148,30767.309699689962
4,2025-08-04 04:00:00,65.19999694824219,64.86000061035156,-0.005413605175819,92.65795307801844,93.13138580322266,0.005109466694192852,0.0002945205479452055,0.005303987242138057,-0.00010961793368094355,30767.309699689962,30763.937050775763
5,2025-08-05 04:00:00,64.55000305175781,64.70999908447266,0.0022781614255016,93.47920397032111,93.23765563964844,-0.0025839793281654494,0.0002945205479452055,-0.0023894587802202436,-0.00011129735471864357,30763.937050775763,30760.513105961283
6,2025-08-06 04:00:00,65.51000213623047,66.19000244140625,0.0101780431478024,93.71110016169487,93.72076416015625,0.00010312544025950477,0.0002945205479452055,0.00029764598820471026,0.01047568913600711,30760.513105961283,31082.750678923407
7,2025-08-07 04:00:00,66.83000183105469,66.37999725341797,-0.0069322046525057,94.25216838254359,94.29080963134766,0.0004099772924823848,0.0002945205479452055,0.0006044978404275902,-0.006327706812078109,31082.750678923407,30886.06814571426
8,2025-08-08 04:00:00,66.12999725341797,67.87999725341797,0.026257756390936,94.49371074042999,94.20384979248047,-0.0030675157709252818,0.0002945205479452055,-0.002872995222980076,0.023384761167955924,30886.06814571426,31608.331472718997
9,2025-08-11 04:00:00,67.63999938964844,67.7300033569336,0.0011303861881774,94.92849572932884,94.73526000976562,-0.0020355923485208846,0.0002945205479452055,-0.0018410718005756792,-0.0007106856123982792,31608.331472718997,31585.86788630942
10,2025-08-12 04:00:00,67.94999694824219,68.55000305175781,0.0086283664473868,95.16038700467857,94.48405456542969,-0.007107289708853636,0.0002945205479452055,-0.006912769160908431,0.001715597286478369,31585.86788630942,31640.05651554624
11,2025-08-13 04:00:00,69.83999633789062,67.20999908447266,-0.0378499147734795,94.84154437048959,94.59033203125,-0.002648758420236695,0.0002945205479452055,-0.002454237872291489,-0.04030415264577099,31640.05651554624,30364.83084802284
12,2025-08-14 04:00:00,67.02999877929688,67.30999755859375,0.0039764005774207,94.66763250392204,94.69661712646484,0.0003061724665144346,0.0002945205479452055,0.00050069301445964,0.0044770935918803404,30364.83084802284,30500.777037631055
13,2025-08-15 04:00:00,66.44000244140625,65.72000122070312,-0.0110346760948003,95.25187846394323,94.4433364868164,-0.00848846227670868,0.0002945205479452055,-0.008293941728763474,-0.019328617823563772,30500.777037631055,29911.239174948954
14,2025-08-18 04:00:00,66.05000305175781,65.73999786376953,-0.0048925338071418,94.6868710442422,93.76143646240234,-0.009773631461614621,0.0002945205479452055,-0.009579110913669414,-0.014471644720811215,29911.239174948954,29478.374348449885
15,2025-08-19 04:00:00,64.19000244140625,64.36499786376953,0.0025256847452179,93.76143981267555,91.1799545288086,-0.027532483385754966,0.0002945205479452055,-0.02733796283780976,-0.024812278092591858,29478.374348449885,28746.94872639862
16,2025-08-20 04:00:00,64.9000015258789,64.3499984741211,-0.0086729083412563,91.56961138790452,91.55986785888672,-0.00010640570457945601,0.0002945205479452055,8.811484336574946e-05,-0.00858479349789055,28746.94872639862,28500.162107888038
17,2025-08-21 04:00:00,63.689998626708984,63.79999923706055,0.0015267999446268,91.66702451200253,91.99823760986328,0.0036132196896757176,0.0002945205479452055,0.003807740237620923,0.005334540182247723,28500.162107888038,28652.197367853143
18,2025-08-22 04:00:00,66.25,63.45000076293945,-0.0424556674466416,92.38788369637523,92.59246063232422,0.0022143264653763125,0.0002945205479452055,0.0024088470133215184,-0.040046820433320085,28652.197367853143,27504.767964842682
19,2025-08-25 04:00:00,62.880001068115234,62.40999984741211,-0.007673059230307,92.5437536958641,92.64116668701172,0.0010526155170640615,0.0002945205479452055,0.0012471360650092669,-0.006425923165297734,27504.767964842682,27328.02443922126
20,2025-08-26 04:00:00,63.099998474121094,63.244998931884766,0.0020975075428104,92.65090869346865,93.18669128417969,0.005782809885693073,0.0002945205479452055,0.0059773304336382775,0.008074837976448677,27328.02443922126,27548.6938087844
21,2025-08-27 04:00:00,63.650001525878906,64.21499633789062,0.0086748324222923,93.40100013613056,94.02445220947266,0.0066750042551302615,0.0002945205479452055,0.0068695248030754665,0.015544357225367768,27548.6938087844,27976.92054644042
22,2025-08-28 04:00:00,63.58000183105469,62.779998779296875,-0.0127800845020164,94.41410507824683,94.89144134521484,0.005055772827295365,0.0002945205479452055,0.00525029337524057,-0.0075297911267758295,27976.92054644042,27766.26017835532
23,2025-08-29 04:00:00,61.439998626708984,62.1349983215332,0.0111096020994846,94.87196351987932,95.22265625,0.0036964843680841577,0.0002945205479452055,0.003891004916029363,0.015000607015513964,27766.26017835532,28182.770935581342
24,2025-09-02 04:00:00,62.970001220703125,63.2599983215332,0.0044044205314077,94.97912012922697,94.95964050292969,-0.0002050937750400225,0.0002945205479452055,-1.0573227094817027e-05,0.004393847304312883,28182.770935581342,28306.601727684712
25,2025-09-03 04:00:00,63.77000045776367,62.93000030517578,-0.0133696861855827,95.88507412282965,95.14472198486328,-0.007721244883410852,0.0002945205479452055,-0.007526724335465647,-0.020896410521048348,28306.601727684712,27715.095357527196
26,2025-09-04 04:00:00,62.349998474121094,64.12000274658203,0.028182543659769,95.35902994390902,94.94014739990234,-0.004392688812512755,0.0002945205479452055,-0.00419816826456755,0.02398437539520145,27715.095357527196,28379.82460869593
27,2025-09-05 04:00:00,63.41999816894531,63.7599983215332,0.005160035279791,95.24213328789517,95.07653045654297,-0.0017387560067730048,0.0002945205479452055,-0.0015442354588277995,0.0036157998209632005,28379.82460869593,28482.44037343502
28,2025-09-08 04:00:00,63.70000076293945,64.0999984741211,0.0060781630882469,95.27136724876854,95.03756713867188,-0.002454043820806912,0.0002945205479452055,-0.002259523272861706,0.0038186398153851942,28482.44037343502,28591.204554284355
29,2025-09-09 04:00:00,63.220001220703125,64.5999984741211,0.0216241461435821,94.9888610699106,94.81351470947266,-0.0018459676057057811,0.0002945205479452055,-0.0016514470577605757,0.019972699085821527,28591.204554284355,29162.248079348246
30,2025-09-10 04:00:00,64.52999877929688,64.625,0.0012719280121886,95.01809355735284,94.8817138671875,-0.0014353023204261924,0.0002945205479452055,-0.001240781772480987,3.114623970761304e-05,29162.248079348246,29163.15637371734
31,2025-09-11 04:00:00,65.02999877929688,65.31999969482422,0.0042586225904391,94.97911417066948,94.85247802734375,-0.0013333051632611716,0.0002945205479452055,-0.0011387846153159663,0.0031198379751231336,29163.15637371734,29254.140696446517
32,2025-09-12 04:00:00,66.37999725341797,65.36000061035156,-0.0155629312874967,95.10575278747018,94.73558044433594,-0.003892218212724265,0.0002945205479452055,-0.0036976976647790593,-0.01926062895227576,29254.140696446517,28690.68754717459
33,2025-09-15 04:00:00,65.5,65.56999969482422,0.0008685039107499,95.11190470422348,95.21015930175781,0.0010330420554596738,0.0002945205479452055,0.0012275626034048792,0.0020960665141547792,28690.68754717459,28750.8251366103
34,2025-09-16 04:00:00,66.37000274658203,66.02999877929688,-0.0053218115407004,95.38702269949378,95.25928497314453,-0.0013391520432677307,0.0002945205479452055,-0.0011446314953225253,-0.006466443036022926,28750.8251366103,28564.90956362575
35,2025-09-17 04:00:00,65.66999816894531,66.7300033569336,0.015938184117058,95.21015837565096,95.56388092041016,0.0037151765189128664,0.0002945205479452055,0.003909697066858071,0.01984788118391607,28564.90956362575,29131.8624946739
36,2025-09-18 04:00:00,66.75,66.01000213623047,-0.0112838733202807,95.78986253834938,95.79969024658203,0.00010259653758991969,0.0002945205479452055,0.00029711708553512516,-0.010986756234745574,29131.8624946739,28811.79782278079
37,2025-09-19 04:00:00,65.37000274658203,64.17500305175781,-0.0184768756511334,95.93724930412453,95.99620056152344,0.0006144772528554056,0.0002945205479452055,0.000808997800800611,-0.01766787785033279,28811.79782278079,28302.754498199418
38,2025-09-22 04:00:00,63.650001525878906,64.16000366210938,0.0078110197431445,96.04533273857167,95.84882354736328,-0.0020460045855978824,0.0002945205479452055,-0.001851484037652677,0.005959535705491823,28302.754498199418,28471.425774195206
39,2025-09-23 04:00:00,63.40999984741211,64.19999694824219,0.0122560855887417,95.79969350043744,95.7014389038086,-0.0010256253756010163,0.0002945205479452055,-0.0008311048276558109,0.011424980761085888,28471.425774195206,28796.71126590607
40,2025-09-24 04:00:00,64.41999816894531,63.380001068115234,-0.0163407616189266,96.04533047798353,95.79969024658203,-0.002557544757033277,0.0002945205479452055,-0.002363024209088071,-0.01870378582801467,28796.71126590607,28258.103745837383
41,2025-09-25 04:00:00,62.099998474121094,62.0099983215332,-0.0016489680304728,95.78986443148608,95.22980499267578,-0.005846750510967503,0.0002945205479452055,-0.005652229963022298,-0.007301197993495098,28258.103745837383,28051.7857354683
42,2025-09-26 04:00:00,61.939998626708984,63.720001220703125,0.0285318034744118,95.3575493231207,95.30841827392578,-0.0005152297803756551,0.0002945205479452055,-0.00032070923243044964,0.02821109424198135,28051.7857354683,28843.157306507463
43,2025-09-29 04:00:00,64.97000122070312,64.4000015258789,-0.0089715006357797,95.61300439695128,95.3575439453125,-0.00267181701119025,0.0002945205479452055,-0.0024772964632450442,-0.011448797099024743,28843.157306507463,28512.93785081001
44,2025-09-30 04:00:00,65.0,66.30000305175781,0.0197960673386913,95.50492854914253,95.36737060546875,-0.0014403229839913716,0.0002945205479452055,-0.0012458024360461663,0.018550264902645136,28512.93785081001,29041.860401095193
45,2025-10-01 04:00:00,66.73999786376953,67.76000213623047,0.0150802166513792,96.17306206668154,96.27132415771484,0.0010217215602969514,0.0002945205479452055,0.0012162421082421567,0.016296458759621355,29041.860401095193,29515.13988142432
46,2025-10-02 04:00:00,68.7699966430664,68.6050033569336,-0.0025987047195725,97.40127019450962,97.24406433105469,-0.0016140021905360642,0.0002945205479452055,-0.0014194816425908588,-0.004018186362163358,29515.13988142432,29396.542548875437
47,2025-10-03 04:00:00,69.80999755859375,71.01000213623047,0.016986162995812,97.5191769262757,97.2735366821289,-0.0025188916876575174,0.0002945205479452055,-0.0023243711397123116,0.01466179185609969,29396.542548875437,29827.548537016024
48,2025-10-06 04:00:00,71.29000091552734,70.97000122070312,-0.0046877861063047,97.63708593772427,97.4209213256836,-0.0022139600948203994,0.0002945205479452055,-0.002019439546875194,-0.006707225653179894,29827.548537016024,29627.48843829708
49,2025-10-07 04:00:00,69.12999725341797,69.58000183105469,0.0063082595986917,97.56830999023306,96.97876739501953,-0.0060423573522237406,0.0002945205479452055,-0.005847836804278536,0.000460422794413164,29627.48843829708,29641.129609315285
50,2025-10-08 04:00:00,70.05999755859375,70.1500015258789,0.0010844329501466,97.27353994103689,97.17528533935547,-0.0010100855971827086,0.0002945205479452055,-0.0008155650492375033,0.0002688679009090968,29641.129609315285,29649.099157613917
51,2025-10-09 04:00:00,68.73999786376953,69.31999969482422,0.0082359504651,97.4700424919683,97.02789306640625,-0.004536259698445131,0.0002945205479452055,-0.004341739150499926,0.003894211314600075,29649.099157613917,29764.559015021197
52,2025-10-10 04:00:00,66.19999694824219,64.95999908447266,-0.0189273205782167,97.32266971914618,96.90998840332031,-0.00424034109439024,0.0002945205479452055,-0.004045820546445035,-0.022973141124661735,29764.559015021197,29080.77360025579
53,2025-10-13 04:00:00,65.80999755859375,62.90999984741211,-0.0442573858247559,97.4110989745624,97.30301666259766,-0.001109548225022846,0.0002945205479452055,-0.0009150276770776406,-0.04517241350183354,29080.77360025579,27767.12487023183
54,2025-10-14 04:00:00,63.90999984741211,63.290000915527344,-0.0098991655125162,97.31283889987557,97.0770263671875,-0.00242324173617726,0.0002945205479452055,-0.002228721188232054,-0.012127886700748254,27767.12487023183,27430.36832580013
55,2025-10-15 04:00:00,63.16999816894531,63.095001220703125,-0.001386966744532,97.47743900021005,97.50717163085938,0.0003050206381525508,0.0002945205479452055,0.0004995411860977562,-0.0008874255584342438,27430.36832580013,27406.02591587055
56,2025-10-16 04:00:00,61.43000030517578,59.88999938964844,-0.0252641658801081,97.69548921452443,96.43675994873047,-0.012884210682746897,0.0002945205479452055,-0.01268969013480169,-0.03795385601490979,27406.02591587055,26365.86155431871
57,2025-10-17 04:00:00,60.470001220703125,62.880001068115234,0.0396465198656546,96.43676212060109,96.53587341308594,0.0010277335147451717,0.0002945205479452055,0.001222254062690377,0.04086877392834498,26365.86155431871,27443.40198960821
58,2025-10-20 04:00:00,62.93000030517578,61.72999954223633,-0.0192649852612767,97.62611043776492,97.74504852294922,0.0012183019957567403,0.0002945205479452055,0.0014128225437019457,-0.017852162717574754,27443.40198960821,26953.47791176591
59,2025-10-21 04:00:00,63.4900016784668,61.41999816894531,-0.0327970739617157,97.7747797125948,97.75,-0.00025343664969275137,0.0002945205479452055,-5.89161017475459e-05,-0.03285599006346325,26953.47791176591,26067.89470932115
60,2025-10-22 04:00:00,61.209999084472656,61.959999084472656,0.0120504696992602,97.77477782653985,97.24948120117188,-0.005372516686255112,0.0002945205479452055,-0.005177996138309907,0.006872473560950293,26067.89470932115,26247.045626500592
61,2025-10-23 04:00:00,62.560001373291016,63.16999816894531,0.0095486580271908,97.65584412040694,97.79460144042969,0.001420880862507972,0.0002945205479452055,0.0016154014104531773,0.011164059437643977,26247.045626500592,26540.069203937397
62,2025-10-24 04:00:00,62.83000183105469,65.375,0.0402980169111365,97.97300108919646,97.83424377441406,-0.0014162811513354426,0.0002945205479452055,-0.0012217606033902372,0.03907625630774626,26540.069203937397,27577.155750575777
63,2025-10-27 04:00:00,65.27999877929688,65.3499984741211,0.0008721048263366,98.05229925978952,97.62611389160156,-0.004346510703015547,0.0002945205479452055,-0.004151990155070342,-0.0032798853287337422,27577.155750575777,27486.70584202126
64,2025-10-28 04:00:00,64.48999786376953,64.48500061035156,-0.0002774533193004,97.91353646715436,97.7252197265625,-0.0019232962814598198,0.0002945205479452055,-0.0017287757335146144,-0.0020062290528150145,27486.70584202126,27431.56121419482
65,2025-10-29 04:00:00,62.75,61.529998779296875,-0.0196383424698336,97.93335988189494,97.84416198730469,-0.0009108019442795267,0.0002945205479452055,-0.0007162813963343213,-0.02035462386616792,27431.56121419482,26873.20210361812
66,2025-10-30 04:00:00,60.400001525878906,62.349998474121094,0.0320782805707794,98.1018549902417,98.01264953613281,-0.000909314651774585,0.0002945205479452055,-0.0007147941038293795,0.031363486466950016,26873.20210361812,27716.039414118564
67,2025-10-31 04:00:00,62.29999923706055,61.01499938964844,-0.0208218562278953,98.75599404419998,98.49829864501953,-0.0026094152732148348,0.0002945205479452055,-0.002414894725269629,-0.02323675095316493,27716.039414118564,27072.008708844587
68,2025-11-03 05:00:00,60.529998779296875,58.880001068115234,-0.0274537017582323,98.88484150838234,98.72626495361328,-0.0016036487731601744,0.0002945205479452055,-0.001409128225214969,-0.028862829983447268,27072.008708844587,26290.6339241708
69,2025-11-04 05:00:00,57.18000030517578,58.255001068115234,0.0185965533759029,98.81546413882009,98.85511016845703,0.00040121280593536247,0.0002945205479452055,0.0005957333538805678,0.01919228672978347,26290.6339241708,26795.211308751263
70,2025-11-05 05:00:00,58.91999816894531,58.400001525878906,-0.0090236845215749,99.30112216324723,99.12271881103516,-0.0017965894878688683,0.0002945205479452055,-0.0016020689399236629,-0.010625753461498563,26795.211308751263,26510.491999435715
71,2025-11-06 05:00:00,57.2599983215332,56.880001068115234,-0.0068350004823199,99.29120458128388,99.00377655029297,-0.0028947985091228217,0.0002945205479452055,-0.002700277961177616,-0.009535278443497516,26510.491999435715,26257.70707654698
72,2025-11-07 05:00:00,58.880001068115234,60.29899978637695,0.0238950424361616,99.15245006535214,98.30007934570312,-0.008596567397852624,0.0002945205479452055,-0.008402046849907417,0.015492995586254185,26257.70707654698,26664.517616389076
73,2025-11-10 05:00:00,60.189998626708984,59.33000183105469,-0.0144851574918002,98.95422017679375,99.07315826416016,0.0012019506308463118,0.0002945205479452055,0.0013964711787915172,-0.013088686313008682,26664.517616389076,26315.514109620468
74,2025-11-11 05:00:00,58.349998474121094,59.470001220703125,0.0189907448945427,99.18217925609497,99.11280059814453,-0.0006995072952702252,0.0002945205479452055,-0.0005049867473250197,0.01848575814721768,26315.514109620468,26801.97633897061
75,2025-11-12 05:00:00,57.59000015258789,58.119998931884766,0.0090011449977563,99.13262464714747,99.12271881103516,-9.992508669642012e-05,0.0002945205479452055,9.459546124878535e-05,0.009095740459005085,26801.97633897061,27045.76015953828
76,2025-11-13 05:00:00,55.59000015258789,54.09000015258789,-0.0271778541858548,99.14253364437282,97.75,-0.014045774232156277,0.0002945205479452055,-0.01385125368421107,-0.041029107870065876,27045.76015953828,25936.096748524655
77,2025-11-14 05:00:00,53.474998474121094,53.3849983215332,-0.0018826757836694,98.0,97.76000213623047,-0.0024489577935666454,0.0002945205479452055,-0.0022544372456214396,-0.00413711302929084,25936.096748524655,25828.796184737384
78,2025-11-17 05:00:00,52.099998474121094,52.025001525878906,-0.0016391729491852,98.18000030517578,94.58000183105469,-0.0366673300359657,0.0002945205479452055,-0.0364728094880205,-0.0381119824372057,25828.796184737384,24844.409558170508
79,2025-11-18 05:00:00,52.65999984741211,51.70500183105469,-0.0183315227026995,94.87000274658203,96.38999938964844,0.016021888890702794,0.0002945205479452055,0.016216409438648,-0.0021151132640514977,24844.409558170508,24791.860817976496
80,2025-11-19 05:00:00,50.72999954223633,51.86000061035156,0.0220703748313124,96.77999877929688,94.58999633789062,-0.022628667793233474,0.0002945205479452055,-0.022434147245288267,-0.0003637724139758658,24791.860817976496,24782.842222919786
81,2025-11-20 05:00:00,48.959999084472656,47.4900016784668,-0.0302184330944096,95.98999786376953,92.79000091552734,-0.03333677486672801,0.0002945205479452055,-0.03314225431878281,-0.06336068741319241,24782.842222919786,23212.584303622898
82,2025-11-21 05:00:00,47.970001220703125,48.724998474121094,0.0155358184106952,90.63999938964844,95.37999725341797,0.052294769369899886,0.0002945205479452055,0.052489289917845086,0.06802510832854028,23212.584303622898,24791.62286546222
83,2025-11-24 05:00:00,50.56999969482422,49.474998474121094,-0.0218488281128071,95.66000366210938,96.37999725341797,0.007526589627277852,0.0002945205479452055,0.007721110175223057,-0.014127717937584043,24791.62286546222,24441.373810404013
84,2025-11-25 05:00:00,49.560001373291016,49.52000045776367,-0.0010069395467129,96.38999938964844,96.29000091552734,-0.0010374361941518264,0.0002945205479452055,-0.000842915646206621,-0.0018498551929195211,24441.373810404013,24396.160808138753
85,2025-11-26 05:00:00,51.029998779296875,52.79999923706055,0.0344785725239811,97.19000244140625,97.16999816894531,-0.00020582644262199338,0.0002945205479452055,-1.130589467678791e-05,0.03446726662930431,24396.160808138753,25237.029787444255
86,2025-11-28 05:00:00,51.54999923706055,48.939998626708984,-0.0508203233782275,97.83999633789062,96.66000366210938,-0.012060432542394452,0.0002945205479452055,-0.011865911994449245,-0.06268623537267674,25237.029787444255,23655.015398081272
87,2025-12-01 05:00:00,48.5,50.33000183105469,0.0375244708698528,96.1500015258789,96.41000366210938,0.0027041303390982143,0.0002945205479452055,0.00289865088704342,0.04042312175689622,23655.015398081272,24611.224965679165
88,2025-12-02 05:00:00,51.66999816894531,52.54999923706055,0.0168277946579317,97.27999877929688,97.80000305175781,0.005345438723130461,0.0002945205479452055,0.005539959271075666,0.022367753929007365,24611.224965679165,25161.72278960292
89,2025-12-03 05:00:00,52.7400016784668,52.665000915527344,-0.0016217805689372,98.5,98.19999694824219,-0.0030457162615006345,0.0002945205479452055,-0.0028511957135554287,-0.004472976282492628,25161.72278960292,25049.17500033837
90,2025-12-04 05:00:00,52.5099983215332,51.349998474121094,-0.0222865903183575,98.5999984741211,98.19999694824219,-0.00405681067007209,0.0002945205479452055,-0.003862290122126884,-0.026148880440484384,25049.17500033837,24394.167118121753
91,2025-12-05 05:00:00,50.689998626708984,51.834999084472656,0.0223837941464304,98.25,98.19000244140625,-0.0006106621739821883,0.0002945205479452055,-0.00041614162603698286,0.021967652520393417,24394.167118121753,24930.049704897057
92,2025-12-08 05:00:00,51.52000045776367,51.22999954223633,-0.0058277540425177,98.58000183105469,98.52999877929688,-0.0005072332200146149,0.0002945205479452055,-0.0003127126720694094,-0.00614046671458711,24930.049704897057,24776.967564491133
93,2025-12-09 05:00:00,52.849998474121094,52.189998626708984,-0.0126856541683749,98.7300033569336,99.08999633789062,0.0036462368957445165,0.0002945205479452055,0.003840757443689722,-0.008844896724685178,24776.967564491133,24557.817845232337
