trade_number,end_date,rolling_win_rate,rolling_avg_return,rolling_volatility,rolling_max_drawdown,rolling_sharpe
30,2024-02-27 00:00:00-05:00,0.6,0.004227246277783738,0.020144592145798463,-0.06880990152929578,0.20984521539024606
31,2024-02-28 00:00:00-05:00,0.6333333333333333,0.006448743917960217,0.021995892875093053,-0.057822826340936245,0.2931794564821882
32,2024-02-29 00:00:00-05:00,0.6666666666666666,0.008645338583446351,0.023029210344106838,-0.057822826340936245,0.3754075130786535
33,2024-03-01 00:00:00-05:00,0.7,0.008943665203945387,0.022935520151284285,-0.057822826340936245,0.38994821765333204
34,2024-03-04 00:00:00-05:00,0.7,0.010053657884520027,0.02359572259522458,-0.03344634650861798,0.4260796779563232
35,2024-03-05 00:00:00-05:00,0.7333333333333333,0.01090675735557386,0.022715761992521417,-0.03344634650861798,0.4801405015233313
36,2024-03-06 00:00:00-05:00,0.7666666666666667,0.014690106720557324,0.024480910709368107,-0.03344634650861798,0.6000637351671669
37,2024-03-07 00:00:00-05:00,0.7666666666666667,0.01412631957776832,0.024496820930199864,-0.03344634650861798,0.5766592986910104
38,2024-03-08 00:00:00-05:00,0.7666666666666667,0.014006043336703263,0.024520012502972373,-0.03344634650861798,0.5712086539517636
39,2024-03-11 00:00:00-04:00,0.7666666666666667,0.014376261339734523,0.024900472520281453,-0.03344634650861798,0.577348936973989
40,2024-03-12 00:00:00-04:00,0.8,0.014505936967812959,0.02483198100879602,-0.03344634650861798,0.584163501199306
41,2024-03-13 00:00:00-04:00,0.8,0.014922689659987555,0.02480117249687219,-0.03344634650861798,0.6016929103601669
42,2024-03-14 00:00:00-04:00,0.8,0.01520316195298691,0.024434058353000363,-0.03344634650861798,0.622211903292768
43,2024-03-15 00:00:00-04:00,0.8,0.014634924862057672,0.025083308325587386,-0.03344634650861798,0.5834527356636062
44,2024-03-18 00:00:00-04:00,0.8,0.014347916674160372,0.025378763557975727,-0.04694000415326756,0.5653512883471932
45,2024-03-19 00:00:00-04:00,0.7666666666666667,0.012443748850093084,0.02774848601126808,-0.09182541474228062,0.4484478484714423
46,2024-03-20 00:00:00-04:00,0.7333333333333333,0.011585789465992742,0.02817734084569074,-0.10485483541688884,0.4111739830043117
47,2024-03-21 00:00:00-04:00,0.7333333333333333,0.012440847711431169,0.02827295841935048,-0.10485483541688884,0.4400263858810208
48,2024-03-22 00:00:00-04:00,0.7,0.011240479674118531,0.028658458895257255,-0.10485483541688884,0.3922220561545527
49,2024-03-25 00:00:00-04:00,0.7,0.011829036717732904,0.029259540691900468,-0.10485483541688884,0.4042796447931727
50,2024-03-26 00:00:00-04:00,0.6666666666666666,0.011280399457529726,0.02937551419201872,-0.10485483541688884,0.3840068767407174
51,2024-03-27 00:00:00-04:00,0.7,0.013159160901549763,0.0288205366847725,-0.10485483541688884,0.4565897243857531
52,2024-03-28 00:00:00-04:00,0.7,0.012770973993846524,0.028410830010005755,-0.10485483541688884,0.4495107671739555
53,2024-04-01 00:00:00-04:00,0.6666666666666666,0.01187382337170276,0.02876544698265934,-0.10485483541688884,0.4127807705842586
54,2024-04-02 00:00:00-04:00,0.6333333333333333,0.00920338831674482,0.032324104044783815,-0.10485483541688884,0.2847221474103002
55,2024-04-03 00:00:00-04:00,0.6,0.008822220228622779,0.032399091054836696,-0.10485483541688884,0.272298386818656
56,2024-04-04 00:00:00-04:00,0.6333333333333333,0.010285369269720533,0.03199809134522132,-0.10485483541688884,0.3214369619348117
57,2024-04-05 00:00:00-04:00,0.6,0.009397666197053296,0.032574421848099396,-0.10485483541688884,0.28849832672015996
58,2024-04-08 00:00:00-04:00,0.6333333333333333,0.01229086736418127,0.03409003006840018,-0.10485483541688884,0.36054140578697563
59,2024-04-09 00:00:00-04:00,0.6,0.011548013879910939,0.03447313966079083,-0.10485483541688884,0.33498584676479165
60,2024-04-10 00:00:00-04:00,0.5666666666666667,0.009402515434194854,0.03431558010418899,-0.10485483541688884,0.27400135465135456
61,2024-04-11 00:00:00-04:00,0.5666666666666667,0.007832983376794294,0.03318634476763646,-0.10485483541688884,0.2360303140234073
62,2024-04-12 00:00:00-04:00,0.5333333333333333,0.005994171354178099,0.032242191355375295,-0.10485483541688884,0.18591079272838487
63,2024-04-15 00:00:00-04:00,0.5,0.005463193325742628,0.032368031935396245,-0.10485483541688884,0.16878361145486645
64,2024-04-16 00:00:00-04:00,0.4666666666666667,0.004102071156047802,0.031738722092901774,-0.10485483541688884,0.12924500060338637
65,2024-04-17 00:00:00-04:00,0.43333333333333335,0.003921338770056384,0.03177719279050019,-0.10485483541688884,0.12340104413592727
66,2024-04-18 00:00:00-04:00,0.43333333333333335,0.0020278085068583668,0.028610372381965347,-0.10485483541688884,0.07087669044589588
67,2024-04-19 00:00:00-04:00,0.43333333333333335,0.002526107296089682,0.02879859044082891,-0.10485483541688884,0.08771635199576709
68,2024-04-22 00:00:00-04:00,0.43333333333333335,0.0031718056025275684,0.029133663564469583,-0.10485483541688884,0.10887081178474901
69,2024-04-23 00:00:00-04:00,0.4,0.001495444997991666,0.028115086128628078,-0.10485483541688884,0.053190126864627846
70,2024-04-24 00:00:00-04:00,0.36666666666666664,0.001128349447131023,0.028157305282775345,-0.10485483541688884,0.040073062240841194
71,2024-04-25 00:00:00-04:00,0.3333333333333333,5.1744107271231805e-05,0.02806010959247729,-0.09411274867498341,0.001844045088302293
72,2024-04-26 00:00:00-04:00,0.3333333333333333,-2.0094275327965245e-05,0.028094443265792156,-0.08386828632063567,-0.0007152402038317688
73,2024-04-29 00:00:00-04:00,0.3333333333333333,1.7388936927599287e-06,0.028077866603041114,-0.08386828632063567,6.193111881839303e-05
74,2024-04-30 00:00:00-04:00,0.3333333333333333,-0.0004923819564495883,0.02847714173681141,-0.08721322612337519,-0.01729042756468439
75,2024-05-01 00:00:00-04:00,0.3333333333333333,0.0003271542134923873,0.027423171327548165,-0.10774448032039852,0.011929846099300043
76,2024-05-02 00:00:00-04:00,0.36666666666666664,0.0018900130294649442,0.027888985581595516,-0.10774448032039852,0.06776915653440621
77,2024-05-03 00:00:00-04:00,0.36666666666666664,0.002038268918017429,0.028043361744898864,-0.10774448032039852,0.07268275952643923
78,2024-05-06 00:00:00-04:00,0.4,0.0033224701723401444,0.028118143892197366,-0.10774448032039852,0.11816107724173473
79,2024-05-07 00:00:00-04:00,0.4,0.0018691505594826917,0.02677294479278246,-0.10774448032039852,0.069814903588289
80,2024-05-08 00:00:00-04:00,0.4,0.0014040846252100256,0.0269748487802332,-0.10774448032039852,0.05205162174028273
81,2024-05-09 00:00:00-04:00,0.36666666666666664,-8.679067884832785e-05,0.026451159295460405,-0.10774448032039852,-0.0032811672970123103
82,2024-05-10 00:00:00-04:00,0.36666666666666664,-0.0010986443381333284,0.02557587179433904,-0.10774448032039852,-0.04295628109836327
83,2024-05-13 00:00:00-04:00,0.4,0.0004531344656006346,0.026290285984858906,-0.10774448032039852,0.017235813481131537
84,2024-05-14 00:00:00-04:00,0.4,0.002130995682202429,0.02313007748453877,-0.10774448032039852,0.09213093573192252
85,2024-05-15 00:00:00-04:00,0.43333333333333335,0.0037400915147384434,0.02441441608753126,-0.10774448032039852,0.15319192977335033
86,2024-05-16 00:00:00-04:00,0.4,0.0029367732612923833,0.02415494624370475,-0.10774448032039852,0.12158061672597444
87,2024-05-17 00:00:00-04:00,0.43333333333333335,0.0043403197450545454,0.023771888408053634,-0.10774448032039852,0.1825820343151239
88,2024-05-20 00:00:00-04:00,0.4,0.0019019988947507087,0.02016352362781563,-0.10774448032039852,0.09432869620699115
89,2024-05-21 00:00:00-04:00,0.43333333333333335,0.002851858010786888,0.019945830793716483,-0.10774448032039852,0.1429801566192623
90,2024-05-22 00:00:00-04:00,0.4666666666666667,0.00374068361485985,0.019515728162637653,-0.10774448032039852,0.1916753289288631
91,2024-05-23 00:00:00-04:00,0.43333333333333335,0.003281225651851498,0.01956084420187358,-0.10774448032039852,0.16774458290185734
92,2024-05-24 00:00:00-04:00,0.4666666666666667,0.003561595738888991,0.019506694000255634,-0.10774448032039852,0.18258325776998996
93,2024-05-28 00:00:00-04:00,0.4666666666666667,0.003470771233123779,0.019576485169464877,-0.10774448032039852,0.17729286963818403
94,2024-05-29 00:00:00-04:00,0.4666666666666667,0.0032341299787508374,0.019678888533999697,-0.10774448032039852,0.16434515461394844
95,2024-05-30 00:00:00-04:00,0.5,0.0038846092095335683,0.019711820096905287,-0.10774448032039852,0.1970700417534474
96,2024-05-31 00:00:00-04:00,0.5,0.0031069275592100513,0.01937323580005256,-0.10774448032039852,0.1603721542067651
97,2024-06-03 00:00:00-04:00,0.5,0.003489191536135698,0.01983054107027842,-0.10774448032039852,0.17595039508857488
98,2024-06-04 00:00:00-04:00,0.5,0.002707115791467575,0.019324911491179028,-0.10237243480367922,0.14008425304836478
99,2024-06-05 00:00:00-04:00,0.5333333333333333,0.0032405725497841914,0.01929716311739909,-0.09576483566600402,0.16792999727832336
100,2024-06-06 00:00:00-04:00,0.5333333333333333,0.0034042457760056085,0.019225169116386286,-0.0837691001172331,0.17707234487232937
101,2024-06-07 00:00:00-04:00,0.5666666666666667,0.004274263621689771,0.019041955109589268,-0.07075524783132764,0.22446558649522866
102,2024-06-10 00:00:00-04:00,0.6,0.004773423691187819,0.018739362912250212,-0.05151063299264663,0.2547271064411351
103,2024-06-11 00:00:00-04:00,0.6,0.004348926966120627,0.01945730009379044,-0.03296797714257255,0.22351132711925098
104,2024-06-12 00:00:00-04:00,0.6333333333333333,0.006253004213765439,0.018789337210612326,-0.03296797714257255,0.3327953585416364
105,2024-06-13 00:00:00-04:00,0.6666666666666666,0.007283594723177184,0.017986530197252708,-0.03296797714257255,0.40494718232478727
106,2024-06-14 00:00:00-04:00,0.6666666666666666,0.006597431484868592,0.01737278114161357,-0.03296797714257255,0.37975678338948027
107,2024-06-17 00:00:00-04:00,0.6666666666666666,0.0055887781932897835,0.01669185019282043,-0.03296797714257255,0.33482077353495854
108,2024-06-18 00:00:00-04:00,0.6333333333333333,0.0038932960964390578,0.017376491909049087,-0.03296797714257255,0.22405535690501263
109,2024-06-20 00:00:00-04:00,0.6333333333333333,0.004235751276588257,0.01750699684665873,-0.03296797714257255,0.24194619520918376
110,2024-06-21 00:00:00-04:00,0.6333333333333333,0.004036210060189343,0.01778478520117189,-0.03444342117101093,0.22694736059693235
111,2024-06-24 00:00:00-04:00,0.6333333333333333,0.002892756782284567,0.019873622548066117,-0.07971910238487856,0.14555759903803034
112,2024-06-25 00:00:00-04:00,0.6333333333333333,0.003792151416696269,0.02061496139617836,-0.07971910238487856,0.18395141973922227
113,2024-06-26 00:00:00-04:00,0.6,0.002380740786344671,0.019876655259288955,-0.07971910238487856,0.11977572460195884
114,2024-06-27 00:00:00-04:00,0.6333333333333333,0.0033469862092049734,0.019526591813668146,-0.07971910238487856,0.171406574231872
115,2024-06-28 00:00:00-04:00,0.6333333333333333,0.0018741598008564988,0.017837513864943394,-0.07971910238487856,0.1050684425557668
116,2024-07-01 00:00:00-04:00,0.6666666666666666,0.0035451011115052037,0.019787780801483246,-0.07971910238487856,0.17915607349154947
117,2024-07-02 00:00:00-04:00,0.6333333333333333,0.002759480850380592,0.019646275941572016,-0.07971910238487856,0.1404582150117041
118,2024-07-03 00:00:00-04:00,0.6333333333333333,0.0019971890627318114,0.020272143386385926,-0.07971910238487856,0.09851888992029599
119,2024-07-05 00:00:00-04:00,0.6,-0.0010911531883686788,0.025139991340542785,-0.10789951074220915,-0.04340308529100393
120,2024-07-08 00:00:00-04:00,0.6,-0.0009304653612171947,0.025211435119393527,-0.10789951074220915,-0.03690648139666781
121,2024-07-09 00:00:00-04:00,0.6333333333333333,-0.0002859280066553756,0.025344396421027322,-0.10789951074220915,-0.01128170511167319
122,2024-07-10 00:00:00-04:00,0.6333333333333333,-0.0003241459069697207,0.025338605619717475,-0.10789951074220915,-0.012792570823924246
123,2024-07-11 00:00:00-04:00,0.6666666666666666,0.0009483339188623377,0.02566962155014437,-0.10789951074220915,0.03694382159120706
124,2024-07-12 00:00:00-04:00,0.7,0.0013238383981459194,0.025610365988706224,-0.10789951074220915,0.05169150642867469
125,2024-07-15 00:00:00-04:00,0.7,0.0038238213100296225,0.030172913004315523,-0.10789951074220915,0.12673026662963285
126,2024-07-16 00:00:00-04:00,0.7,0.004068832598363987,0.030171099597215742,-0.10789951074220915,0.13485861147531622
127,2024-07-17 00:00:00-04:00,0.6666666666666666,0.0027365121412711757,0.02978893938090056,-0.10789951074220915,0.09186336264881301
128,2024-07-18 00:00:00-04:00,0.6666666666666666,0.002749978310074929,0.029789435679587348,-0.10789951074220915,0.09231387729708825
129,2024-07-19 00:00:00-04:00,0.6666666666666666,0.0027226627527561264,0.02978292904542957,-0.10789951074220915,0.09141689014546207
130,2024-07-22 00:00:00-04:00,0.7,0.0029352704252594095,0.02976776999975094,-0.10789951074220915,0.09860565387612066
131,2024-07-23 00:00:00-04:00,0.6666666666666666,0.0016565076371914708,0.030142380960374034,-0.10789951074220915,0.05495609784008633
132,2024-07-24 00:00:00-04:00,0.6666666666666666,0.0021986006641713843,0.030275023118718988,-0.10789951074220915,0.07262094088417041
133,2024-07-25 00:00:00-04:00,0.6666666666666666,0.0025804453907589437,0.029885109776753637,-0.10789951074220915,0.08634552156693642
134,2024-07-26 00:00:00-04:00,0.6666666666666666,0.003136156531493435,0.030510558537787516,-0.10789951074220915,0.10278922057782999
135,2024-07-29 00:00:00-04:00,0.6666666666666666,0.0036577352309198506,0.03073621942734112,-0.10789951074220915,0.11900407073701934
136,2024-07-30 00:00:00-04:00,0.6333333333333333,0.002940316536849792,0.030787499852113376,-0.10789951074220915,0.09550358265443751
137,2024-07-31 00:00:00-04:00,0.6333333333333333,0.0031483804823894236,0.030802561789586666,-0.10789951074220915,0.10221164407999947
138,2024-08-01 00:00:00-04:00,0.6333333333333333,0.0037124424134597858,0.030376992324158903,-0.10789951074220915,0.12221231035132041
139,2024-08-02 00:00:00-04:00,0.6333333333333333,0.003979482366093296,0.030520214644949032,-0.10789951074220915,0.1303884134626125
140,2024-08-05 00:00:00-04:00,0.6333333333333333,-0.00206821006217139,0.04859365078109598,-0.20379064296013202,-0.042561322907970725
141,2024-08-06 00:00:00-04:00,0.6666666666666666,0.0005284351442742036,0.04819299885573909,-0.20379064296013202,0.010964977420392975
142,2024-08-07 00:00:00-04:00,0.6666666666666666,-0.0002575648690099711,0.04783672655157779,-0.20379064296013202,-0.005384249458044822
143,2024-08-08 00:00:00-04:00,0.7,0.0018351697247519566,0.04885567550066255,-0.20379064296013202,0.037563081585619856
144,2024-08-09 00:00:00-04:00,0.7,0.0020012558140413608,0.04889445267202662,-0.20379064296013202,0.040930119976295684
145,2024-08-12 00:00:00-04:00,0.6666666666666666,0.0013082785495939788,0.04905283989018079,-0.20379064296013202,0.026670801375067072
146,2024-08-13 00:00:00-04:00,0.6333333333333333,-0.0004010460762369871,0.04822005618280837,-0.20379064296013202,-0.00831699728255335
147,2024-08-14 00:00:00-04:00,0.6333333333333333,-0.00023922391595780176,0.04821154465505039,-0.20379064296013202,-0.004961963315413954
148,2024-08-15 00:00:00-04:00,0.6666666666666666,0.0007428971993017328,0.047991519405391515,-0.20379064296013202,0.015479759934799511
149,2024-08-16 00:00:00-04:00,0.7,0.004300388815364264,0.04566307180120869,-0.20379064296013202,0.09417651169167365
150,2024-08-19 00:00:00-04:00,0.6666666666666666,0.0033379717881707647,0.045794478719257556,-0.20379064296013202,0.07289026715718627
151,2024-08-20 00:00:00-04:00,0.6666666666666666,0.0037534344187483016,0.045951756068980866,-0.20379064296013202,0.08168206701641177
152,2024-08-21 00:00:00-04:00,0.6333333333333333,0.0036130221711741513,0.04596109890814973,-0.20379064296013202,0.07861043919760365
153,2024-08-22 00:00:00-04:00,0.6,0.002300060203153861,0.04586757044662042,-0.20379064296013202,0.05014567331031008
154,2024-08-23 00:00:00-04:00,0.6,0.002639592081379968,0.04590952016336972,-0.20379064296013202,0.05749552755042831
155,2024-08-26 00:00:00-04:00,0.6,-0.0002879541413231436,0.04289545516304696,-0.20379064296013202,-0.0067129289158634866
156,2024-08-27 00:00:00-04:00,0.5666666666666667,-0.001030892311631076,0.042950586489226936,-0.20379064296013202,-0.02400182153251037
157,2024-08-28 00:00:00-04:00,0.5666666666666667,-0.0019676282566805565,0.043417805292598664,-0.20379064296013202,-0.04531846424342351
158,2024-08-29 00:00:00-04:00,0.5666666666666667,-0.0013323452301202002,0.04364705782410126,-0.20379064296013202,-0.030525430499567345
159,2024-08-30 00:00:00-04:00,0.5666666666666667,-0.00143744730423642,0.043624648735513194,-0.20379064296013202,-0.03295034678562919
160,2024-09-03 00:00:00-04:00,0.5666666666666667,-0.001306658423309374,0.043647282490235806,-0.20379064296013202,-0.029936764645122693
161,2024-09-04 00:00:00-04:00,0.5666666666666667,-0.0013569648498254758,0.043676831195112155,-0.20379064296013202,-0.03106829897443047
162,2024-09-05 00:00:00-04:00,0.5333333333333333,-0.0027541329203308387,0.043732977978323206,-0.20379064296013202,-0.06297611202456779
163,2024-09-06 00:00:00-04:00,0.5666666666666667,-0.0015864772658469037,0.04368075852825597,-0.20379064296013202,-0.036319819510932994
164,2024-09-09 00:00:00-04:00,0.5666666666666667,-0.0018449639264654996,0.043423582826485035,-0.20379064296013202,-0.042487602504789494
165,2024-09-10 00:00:00-04:00,0.5333333333333333,-0.0027550800058996285,0.043147859400299325,-0.20379064296013202,-0.06385206692039319
166,2024-09-11 00:00:00-04:00,0.5333333333333333,-0.003118783510355475,0.04325329725731585,-0.20379064296013202,-0.07210510430688528
167,2024-09-12 00:00:00-04:00,0.5333333333333333,-0.0033316684512666914,0.04321075063422371,-0.20379064296013202,-0.07710276730596642
168,2024-09-13 00:00:00-04:00,0.5333333333333333,-0.0033619027404270885,0.04321619721963487,-0.20379064296013202,-0.07779265545603443
169,2024-09-16 00:00:00-04:00,0.5,-0.0048711971819257365,0.04303100532540647,-0.07184444645993503,-0.1132020306076761
170,2024-09-17 00:00:00-04:00,0.5333333333333333,0.0027114854486375716,0.021261322725023218,-0.07184444645993503,0.12753136216903035
171,2024-09-18 00:00:00-04:00,0.5,0.0016532165786486482,0.020586091738105498,-0.07184444645993503,0.08030745221971845
172,2024-09-19 00:00:00-04:00,0.5,0.00316842906454451,0.02273539117414838,-0.07184444645993503,0.1393610974306534
173,2024-09-20 00:00:00-04:00,0.4666666666666667,0.0011825241745875238,0.02055520154736858,-0.07184444645993503,0.05752919385696354
174,2024-09-23 00:00:00-04:00,0.4666666666666667,0.0009032206648817362,0.02041120994248108,-0.07184444645993503,0.04425120644131424
175,2024-09-24 00:00:00-04:00,0.5,0.0016410318264793752,0.020042726679464516,-0.07184444645993503,0.08187667540069547
176,2024-09-25 00:00:00-04:00,0.5,0.0012646918594886147,0.020224075162568432,-0.07184444645993503,0.06253397741664644
177,2024-09-26 00:00:00-04:00,0.5333333333333333,0.001904162339368671,0.02047320432092542,-0.07184444645993503,0.09300753851327753
178,2024-09-27 00:00:00-04:00,0.5333333333333333,0.0022699600780035733,0.020619926298389157,-0.07184444645993503,0.11008575128519757
179,2024-09-30 00:00:00-04:00,0.5,0.0005234975468348373,0.020736774462518058,-0.07184444645993503,0.02524488790583438
180,2024-10-01 00:00:00-04:00,0.5,0.0010165752300545941,0.020488658207933566,-0.07184444645993503,0.04961648633783927
181,2024-10-02 00:00:00-04:00,0.4666666666666667,-0.000349907283215701,0.02008915488077419,-0.07124557362280573,-0.017417720421408607
182,2024-10-03 00:00:00-04:00,0.5,-0.00015487788010957272,0.020107213339712885,-0.07124557362280573,-0.007702602916321584
183,2024-10-04 00:00:00-04:00,0.5333333333333333,0.0005981546163602223,0.02001003105855645,-0.07124557362280573,0.02989273802773268
184,2024-10-07 00:00:00-04:00,0.5333333333333333,0.0005226251045031081,0.019965662715851307,-0.07124557362280573,0.02617619619949711
185,2024-10-08 00:00:00-04:00,0.5,7.010162403239891e-05,0.020097249737878957,-0.057241787085356044,0.00348812026255874
186,2024-10-09 00:00:00-04:00,0.5,0.00038064531547592933,0.0199295119849454,-0.056885037443504385,0.01909958034915586
187,2024-10-10 00:00:00-04:00,0.5333333333333333,0.0016632371740349992,0.01868180766331026,-0.056885037443504385,0.0890297772041342
188,2024-10-11 00:00:00-04:00,0.5333333333333333,0.0018595583595636658,0.01894357969075156,-0.056885037443504385,0.09816298661184508
189,2024-10-14 00:00:00-04:00,0.5333333333333333,0.0025141967617431584,0.019425942247744087,-0.056885037443504385,0.12942470072642828
190,2024-10-15 00:00:00-04:00,0.5,0.0022090638807683613,0.019410484925422043,-0.05380994859939749,0.11380776365226895
191,2024-10-16 00:00:00-04:00,0.5333333333333333,0.003526141179481552,0.01869617981328247,-0.05380994859939749,0.1886022286208677
192,2024-10-17 00:00:00-04:00,0.5333333333333333,0.003980358953871428,0.01814388399142432,-0.05380994859939749,0.21937744728486686
193,2024-10-18 00:00:00-04:00,0.5333333333333333,0.004015677206902481,0.01816398315604843,-0.05380994859939749,0.22107910871769884
194,2024-10-21 00:00:00-04:00,0.5,0.002432425023747878,0.017303102302993693,-0.050705298230616355,0.140577393646169
195,2024-10-22 00:00:00-04:00,0.5,0.0021979539219794623,0.017430305136179124,-0.0419083006456582,0.12609956651976736
196,2024-10-23 00:00:00-04:00,0.5,0.002397374264293832,0.017194301732581435,-0.0419083006456582,0.13942841655215657
197,2024-10-24 00:00:00-04:00,0.5,0.002907990723914044,0.017406207842843413,-0.0419083006456582,0.16706629899916245
198,2024-10-25 00:00:00-04:00,0.5,0.003150236568768038,0.017251166351949267,-0.0419083006456582,0.18261006267625973
199,2024-10-28 00:00:00-04:00,0.5333333333333333,0.004952155613096615,0.017394986577678108,-0.0419083006456582,0.2846886711284621
200,2024-10-29 00:00:00-04:00,0.5333333333333333,0.004911647401937887,0.01735179583775425,-0.0419083006456582,0.28306277043964895
201,2024-10-30 00:00:00-04:00,0.5333333333333333,0.004568330040022692,0.017568953419233695,-0.0419083006456582,0.2600228898678445
202,2024-10-31 00:00:00-04:00,0.5333333333333333,0.0028151802030757654,0.014782685753799818,-0.0419083006456582,0.19043766809100554
203,2024-11-01 00:00:00-04:00,0.5666666666666667,0.003084735139064981,0.014715588999300904,-0.0419083006456582,0.20962362697215367
204,2024-11-04 00:00:00-05:00,0.5333333333333333,0.0025548860847908464,0.01485299988719363,-0.0419083006456582,0.17201145251429567
205,2024-11-05 00:00:00-05:00,0.5333333333333333,0.003490533230195601,0.015713430613840805,-0.0419083006456582,0.2221369296098235
206,2024-11-06 00:00:00-05:00,0.5666666666666667,0.006306455898495948,0.019631492439448308,-0.0419083006456582,0.3212417964628865
207,2024-11-07 00:00:00-05:00,0.5333333333333333,0.005141947084535104,0.019896758458634943,-0.0419083006456582,0.2584313970150029
208,2024-11-08 00:00:00-05:00,0.5,0.004494962351907985,0.01986250702262939,-0.03558872321004164,0.22630387728935059
209,2024-11-11 00:00:00-05:00,0.5333333333333333,0.007625061974151553,0.022137443253585718,-0.03558872321004164,0.3444418529640491
210,2024-11-12 00:00:00-05:00,0.5333333333333333,0.007310634948167347,0.022342850208929885,-0.03558872321004164,0.3272024329843767
211,2024-11-13 00:00:00-05:00,0.5666666666666667,0.00790900653505414,0.02197792770428972,-0.03558872321004164,0.35986134095392597
212,2024-11-14 00:00:00-05:00,0.5666666666666667,0.008373579436775115,0.02204995519897531,-0.03558872321004164,0.3797549410515013
213,2024-11-15 00:00:00-05:00,0.5666666666666667,0.008810290839004978,0.02219237167150029,-0.03558872321004164,0.396996362958325
214,2024-11-18 00:00:00-05:00,0.5333333333333333,0.0080416144452284,0.02251885040400026,-0.03558872321004164,0.35710590465132647
215,2024-11-19 00:00:00-05:00,0.5666666666666667,0.008458199090213937,0.02224692681014931,-0.03558872321004164,0.38019629238656044
216,2024-11-20 00:00:00-05:00,0.6,0.009383287310086672,0.02222064417259198,-0.03558872321004164,0.4222779158518039
217,2024-11-21 00:00:00-05:00,0.6,0.01035484781441184,0.022526590500634904,-0.03558872321004164,0.4596722177783625
218,2024-11-22 00:00:00-05:00,0.5666666666666667,0.009228017619914274,0.022409296800778244,-0.03558872321004164,0.41179416301870736
219,2024-11-25 00:00:00-05:00,0.5333333333333333,0.007728486551653336,0.02277321705056321,-0.03558872321004164,0.3393673601096337
220,2024-11-26 00:00:00-05:00,0.5333333333333333,0.006789215874105406,0.023718399577894258,-0.05274049225283497,0.28624257938689124
221,2024-11-27 00:00:00-05:00,0.5333333333333333,0.007734423313137851,0.024511153245251615,-0.05274049225283497,0.315547099548904
222,2024-11-29 00:00:00-05:00,0.5666666666666667,0.0083697593140082,0.024252199206690594,-0.05274049225283497,0.3451134160113276
223,2024-12-02 00:00:00-05:00,0.5333333333333333,0.007547275055659599,0.024454181035962575,-0.05274049225283497,0.3086292296830754
224,2024-12-03 00:00:00-05:00,0.5333333333333333,0.00738798271840936,0.024595689631238878,-0.05274049225283497,0.3003771323015036
225,2024-12-04 00:00:00-05:00,0.5666666666666667,0.007816757389044186,0.02438777671371885,-0.05274049225283497,0.32051947501417904
226,2024-12-05 00:00:00-05:00,0.6,0.009578717720548021,0.0246269186768674,-0.05274049225283497,0.3889531551320514
227,2024-12-06 00:00:00-05:00,0.6,0.00911515544910559,0.024608376749870067,-0.05274049225283497,0.37040864343698404
228,2024-12-09 00:00:00-05:00,0.6,0.008442307558634156,0.025248613913107863,-0.05274049225283497,0.33436716913205744
229,2024-12-10 00:00:00-05:00,0.6,0.00800664389266687,0.024931443302369283,-0.05274049225283497,0.3211464252414935
230,2024-12-11 00:00:00-05:00,0.6,0.008042038246402568,0.024953077397725218,-0.05274049225283497,0.32228643057612205
231,2024-12-12 00:00:00-05:00,0.6333333333333333,0.008433767574168303,0.024733722055420203,-0.05274049225283497,0.3409825482501575
232,2024-12-13 00:00:00-05:00,0.6333333333333333,0.008516187221535704,0.024716504251856442,-0.05274049225283497,0.34455468033656333
233,2024-12-16 00:00:00-05:00,0.6333333333333333,0.009269455693372598,0.02490027299112171,-0.05274049225283497,0.3722632156152529
234,2024-12-17 00:00:00-05:00,0.6666666666666666,0.010193691781669642,0.024719057117996584,-0.05274049225283497,0.41238190166437116
235,2024-12-18 00:00:00-05:00,0.6333333333333333,0.008523517415957329,0.02498101592087933,-0.05274049225283497,0.3411997911915706
236,2024-12-19 00:00:00-05:00,0.6333333333333333,0.006744862455727394,0.022122151740318046,-0.05274049225283497,0.3048917905862996
237,2024-12-20 00:00:00-05:00,0.6333333333333333,0.006881881195964755,0.021988130483544685,-0.05274049225283497,0.3129816425782522
238,2024-12-23 00:00:00-05:00,0.6333333333333333,0.006675838681714818,0.022120906835230304,-0.05274049225283497,0.3017886532157313
239,2024-12-24 00:00:00-05:00,0.6333333333333333,0.005787644315570311,0.020018500524258426,-0.05274049225283497,0.2891147770312188
240,2024-12-26 00:00:00-05:00,0.6333333333333333,0.005084656852953406,0.02098593352926483,-0.05274049225283497,0.24228880959061766
241,2024-12-27 00:00:00-05:00,0.6333333333333333,0.00525521878675446,0.02099358024934766,-0.05274049225283497,0.25032503862306943
242,2024-12-30 00:00:00-05:00,0.6,0.004088574482078615,0.021208769022345305,-0.05274049225283497,0.19277754771014488
243,2024-12-31 00:00:00-05:00,0.6,0.0039222438056219925,0.021081698321873635,-0.05274049225283497,0.18604970746367286
244,2025-01-02 00:00:00-05:00,0.6333333333333333,0.005484055621267167,0.021569698924645837,-0.05274049225283497,0.2542481302324071
245,2025-01-03 00:00:00-05:00,0.6,0.005380613146176284,0.021602460005867262,-0.05274049225283497,0.24907409363169294
246,2025-01-06 00:00:00-05:00,0.6,0.004875596210716414,0.021371891856838555,-0.05274049225283497,0.22813124094843884
247,2025-01-07 00:00:00-05:00,0.5666666666666667,0.003334451425070189,0.021069049568838535,-0.048125895748023194,0.1582630205589291
248,2025-01-08 00:00:00-05:00,0.5666666666666667,0.003173164008881693,0.021152221590944084,-0.040166724221792544,0.1500156376122791
249,2025-01-10 00:00:00-05:00,0.6,0.004035245830770482,0.020726852869249104,-0.040166724221792544,0.1946868565250095
250,2025-01-13 00:00:00-05:00,0.6,0.0036544022908598945,0.021455363374237812,-0.05816502497862181,0.17032581677212982
251,2025-01-14 00:00:00-05:00,0.6,0.003421062869169303,0.021069907170471604,-0.05816502497862181,0.16236724924748352
252,2025-01-15 00:00:00-05:00,0.6,0.0039447785400808155,0.021380003930886602,-0.05816502497862181,0.18450784914880186
253,2025-01-16 00:00:00-05:00,0.6,0.00421205336531533,0.021247305319187174,-0.05816502497862181,0.19823941445937976
254,2025-01-17 00:00:00-05:00,0.6333333333333333,0.00556998827942749,0.02121392811063879,-0.05816502497862181,0.2625627960261702
255,2025-01-21 00:00:00-05:00,0.6333333333333333,0.005617941376757223,0.021208500326214925,-0.05816502497862181,0.26489102436974876
256,2025-01-22 00:00:00-05:00,0.6,0.003853314231539564,0.020584990779662284,-0.05816502497862181,0.18719047643910489
257,2025-01-23 00:00:00-05:00,0.5666666666666667,0.0030897049486970454,0.021024683904603724,-0.05816502497862181,0.1469560713833372
258,2025-01-24 00:00:00-05:00,0.6,0.004531727901640778,0.0205638379034189,-0.05816502497862181,0.2203736444006565
259,2025-01-27 00:00:00-05:00,0.5666666666666667,0.002551572993646426,0.021904499313767402,-0.05816502497862181,0.11648625047744018
260,2025-01-28 00:00:00-05:00,0.5666666666666667,0.0021556737156287033,0.02162221576420947,-0.05816502497862181,0.09969716975985957
261,2025-01-29 00:00:00-05:00,0.5666666666666667,0.0024393492435321124,0.021657795514879098,-0.05816502497862181,0.11263146527799921
262,2025-01-30 00:00:00-05:00,0.5666666666666667,0.0024944400373873568,0.021665892772420307,-0.05816502497862181,0.11513211403698376
263,2025-01-31 00:00:00-05:00,0.5333333333333333,0.0015583081896662636,0.021215393461781824,-0.05816502497862181,0.07345176946510354
264,2025-02-03 00:00:00-05:00,0.5,-0.0012379113049396215,0.024173813458522868,-0.09409393967686738,-0.05120877213119951
265,2025-02-04 00:00:00-05:00,0.5,-0.0012151601817873712,0.0241563856640013,-0.11108437239895429,-0.05030389060223715
266,2025-02-05 00:00:00-05:00,0.5,-0.0017592421441879386,0.023901693102741886,-0.11108437239895429,-0.07360324377966876
267,2025-02-06 00:00:00-05:00,0.5333333333333333,-0.0010050167504755425,0.023924878236505888,-0.11108437239895429,-0.04200718350750195
268,2025-02-07 00:00:00-05:00,0.5666666666666667,0.0003028118077900104,0.024479322286940778,-0.11108437239895429,0.012370105848541172
269,2025-02-10 00:00:00-05:00,0.5666666666666667,-0.00037701461002548873,0.02357311699172509,-0.11108437239895429,-0.01599341360575408
270,2025-02-11 00:00:00-05:00,0.5666666666666667,0.000533264418091182,0.02280948168930101,-0.11108437239895429,0.023379067764670615
271,2025-02-12 00:00:00-05:00,0.5333333333333333,6.621142721007807e-05,0.022781238941023026,-0.11108437239895429,0.00290640150790257
272,2025-02-13 00:00:00-05:00,0.5333333333333333,0.00025608354887018573,0.02266104848851635,-0.11108437239895429,0.011300604603531824
273,2025-02-14 00:00:00-05:00,0.5333333333333333,-0.00019969346870219815,0.022446532457344397,-0.11108437239895429,-0.008896406118926373
274,2025-02-18 00:00:00-05:00,0.5,-0.0016177462334839873,0.021497847652981975,-0.11108437239895429,-0.0752515442288749
275,2025-02-19 00:00:00-05:00,0.5333333333333333,-0.0007113679708115593,0.02201638598179459,-0.11108437239895429,-0.03231084208824243
276,2025-02-20 00:00:00-05:00,0.5333333333333333,-0.00035494163933851204,0.022231634308004546,-0.11108437239895429,-0.015965611633451286
277,2025-02-21 00:00:00-05:00,0.5666666666666667,0.0003459085099883842,0.0220855762144453,-0.11108437239895429,0.015662190862927958
278,2025-02-24 00:00:00-05:00,0.6,0.0008538094199942466,0.02202196023063274,-0.11108437239895429,0.038770818358239985
279,2025-02-25 00:00:00-05:00,0.5666666666666667,-0.0010901780321246621,0.02398828298748885,-0.11108437239895429,-0.04544627194423408
280,2025-02-26 00:00:00-05:00,0.5666666666666667,-0.0006138770484617489,0.023303318084017074,-0.11108437239895429,-0.026342903025590402
281,2025-02-27 00:00:00-05:00,0.5666666666666667,-0.0010239428487603857,0.022775649087350806,-0.11108437239895429,-0.044957789999015466
282,2025-02-28 00:00:00-05:00,0.5333333333333333,-0.0023902890909643093,0.02246954990836753,-0.11108437239895429,-0.10637903744009486
283,2025-03-03 00:00:00-05:00,0.5666666666666667,0.0012019124945933499,0.029897251423260888,-0.11108437239895429,0.0402014378371327
284,2025-03-04 00:00:00-05:00,0.5333333333333333,-0.0009043974973238389,0.030402264267716042,-0.11108437239895429,-0.02974770199219051
285,2025-03-05 00:00:00-05:00,0.5333333333333333,4.8975706624658964e-05,0.03100361610896228,-0.09792129596324986,0.0015796772367627611
286,2025-03-06 00:00:00-05:00,0.5333333333333333,0.00034420851012206686,0.030901348976759554,-0.09710315827530125,0.011138947700339586
287,2025-03-07 00:00:00-05:00,0.5666666666666667,0.001009382411262402,0.030671981173986777,-0.09710315827530125,0.0329089407539957
288,2025-03-10 00:00:00-04:00,0.5333333333333333,-0.0012762809443753911,0.03181729807142887,-0.0843460295681214,-0.040112800952179506
289,2025-03-11 00:00:00-04:00,0.5666666666666667,0.0010838066914330665,0.03146540887463688,-0.0843460295681214,0.034444386079682685
290,2025-03-12 00:00:00-04:00,0.5666666666666667,0.0007953882751440035,0.03140704170958792,-0.0843460295681214,0.02532515741210952
291,2025-03-13 00:00:00-04:00,0.5333333333333333,0.0004687071665583712,0.03136780611769371,-0.0843460295681214,0.0149422999109264
292,2025-03-14 00:00:00-04:00,0.5333333333333333,0.0016151001807188563,0.032208152475019215,-0.08247433602474545,0.05014569469551336
293,2025-03-17 00:00:00-04:00,0.5333333333333333,0.0009980455107146424,0.03245698842455689,-0.07695832933626179,0.03074978792424017
294,2025-03-18 00:00:00-04:00,0.5333333333333333,0.0023014414477769787,0.03043784515257019,-0.07695832933626179,0.07561118194277441
295,2025-03-19 00:00:00-04:00,0.5666666666666667,0.003582867044666844,0.030328773871476568,-0.07695832933626179,0.11813425296551268
296,2025-03-20 00:00:00-04:00,0.5333333333333333,0.00338453770770501,0.030364158061840698,-0.07695832933626179,0.11146489557892378
297,2025-03-21 00:00:00-04:00,0.5,0.0028211655774961083,0.030381649627856864,-0.07695832933626179,0.0928575509247328
298,2025-03-24 00:00:00-04:00,0.5,0.0031971023426097494,0.030786197930895425,-0.07695832933626179,0.10384856063701534
299,2025-03-25 00:00:00-04:00,0.4666666666666667,0.002287085145308013,0.030653432470114046,-0.07695832933626179,0.07461106182930201
300,2025-03-26 00:00:00-04:00,0.4666666666666667,0.0021903446804260496,0.030682032342205595,-0.07695832933626179,0.07138851351163772
301,2025-03-27 00:00:00-04:00,0.4666666666666667,0.0022950339329892173,0.030660684472222335,-0.07695832933626179,0.07485266465816996
302,2025-03-28 00:00:00-04:00,0.4666666666666667,0.0019976424256834425,0.030835789937840988,-0.07695832933626179,0.06478324147720246
303,2025-03-31 00:00:00-04:00,0.43333333333333335,0.0013993849327116677,0.030980349583294764,-0.07695832933626179,0.04517008205311681
304,2025-04-01 00:00:00-04:00,0.4666666666666667,0.0021709916183009536,0.03102717917972812,-0.07695832933626179,0.06997064108616713
305,2025-04-02 00:00:00-04:00,0.43333333333333335,0.0012315800679244546,0.030754395503141144,-0.07695832933626179,0.040045660068287324
306,2025-04-03 00:00:00-04:00,0.4,-0.0012681115592267102,0.0323723195558236,-0.09424687507282785,-0.03917271226239901
307,2025-04-04 00:00:00-04:00,0.4,-0.001211473070236497,0.03238703752816855,-0.09424687507282785,-0.03740610944063103
308,2025-04-07 00:00:00-04:00,0.36666666666666664,-0.004218135834533264,0.035750123651293104,-0.16437767422527627,-0.11798940545428552
309,2025-04-08 00:00:00-04:00,0.4,-0.0015430132543904536,0.035065123003763084,-0.16437767422527627,-0.044004216218630175
310,2025-04-09 00:00:00-04:00,0.4,-0.0006713611977848817,0.03474487096931203,-0.16437767422527627,-0.0193225986758694
311,2025-04-10 00:00:00-04:00,0.36666666666666664,-0.0016998848309382906,0.03451607973006537,-0.16437767422527627,-0.04924907012129768
312,2025-04-11 00:00:00-04:00,0.4,-5.258082781622713e-05,0.03492261091288184,-0.16437767422527627,-0.0015056385087413879
313,2025-04-14 00:00:00-04:00,0.4,-0.0031466072983878175,0.02881483663672293,-0.16437767422527627,-0.10920094179460448
314,2025-04-15 00:00:00-04:00,0.43333333333333335,-0.0015132047146925785,0.02812621285966753,-0.16437767422527627,-0.05380051421222394
315,2025-04-16 00:00:00-04:00,0.4,-0.0027110381866443543,0.02737885893462335,-0.16437767422527627,-0.09901940008230113
316,2025-04-17 00:00:00-04:00,0.43333333333333335,-0.0023943642505447195,0.02739756021639681,-0.16437767422527627,-0.08739333837148563
317,2025-04-21 00:00:00-04:00,0.43333333333333335,-0.001468030741863977,0.027959075369610946,-0.16437767422527627,-0.052506412406599014
318,2025-04-22 00:00:00-04:00,0.4666666666666667,0.0010350302374486113,0.026844932399131508,-0.16437767422527627,0.03855588913615952
319,2025-04-23 00:00:00-04:00,0.4666666666666667,0.0008866220953364285,0.026686865302279355,-0.16437767422527627,0.03322316372843914
320,2025-04-24 00:00:00-04:00,0.43333333333333335,0.0005059569696925227,0.026740571252028444,-0.16437767422527627,0.01892094843165112
321,2025-04-25 00:00:00-04:00,0.4666666666666667,0.0007453588695880584,0.026762246244191573,-0.16437767422527627,0.027851132628668254
322,2025-04-28 00:00:00-04:00,0.43333333333333335,-0.000730602895092725,0.02567820001071111,-0.16437767422527627,-0.028452262806114514
323,2025-04-29 00:00:00-04:00,0.4666666666666667,-8.865268264158602e-06,0.02540466545846097,-0.16437767422527627,-0.0003489622124193745
324,2025-04-30 00:00:00-04:00,0.4666666666666667,0.0005586427840423442,0.024993365250084144,-0.16437767422527627,0.02235164326422443
325,2025-05-01 00:00:00-04:00,0.4666666666666667,0.0008182871702289145,0.025237944784681502,-0.16437767422527627,0.03242289248233812
326,2025-05-02 00:00:00-04:00,0.5,0.0010964809300834356,0.025220727374310057,-0.16437767422527627,0.043475388866076714
327,2025-05-05 00:00:00-04:00,0.5,0.00029002467677157194,0.02584317328120822,-0.16437767422527627,0.01122248702261585
328,2025-05-06 00:00:00-04:00,0.4666666666666667,-0.0013046459443317212,0.02473087806255911,-0.15885676698113066,-0.0527537251621837
329,2025-05-07 00:00:00-04:00,0.5,-0.00046226666604967117,0.024974340178583212,-0.15210532895666293,-0.018509664829747485
330,2025-05-08 00:00:00-04:00,0.5333333333333333,0.0009305985167565052,0.025695623025422082,-0.15021113550261755,0.03621622701406436
331,2025-05-09 00:00:00-04:00,0.5666666666666667,0.0015420474967535887,0.025835617175216544,-0.13347102898932858,0.05968688443923979
332,2025-05-12 00:00:00-04:00,0.6,0.0024913356439373977,0.02554536943388824,-0.13347102898932858,0.0975259195364157
333,2025-05-13 00:00:00-04:00,0.6333333333333333,0.003601198518146412,0.025505193962890412,-0.13347102898932858,0.1411947120804527
334,2025-05-14 00:00:00-04:00,0.6,0.0028426394515271825,0.025487407188988568,-0.13024238166103516,0.11153113498164301
335,2025-05-15 00:00:00-04:00,0.6,0.002698950244234297,0.025537775784025076,-0.08451353905764676,0.10568462449743181
336,2025-05-16 00:00:00-04:00,0.6333333333333333,0.004720307682941955,0.022890841723656255,-0.08451353905764676,0.20620944130961383
337,2025-05-19 00:00:00-04:00,0.6,0.003943242279865035,0.02317855050572649,-0.03758692301534705,0.170124627892103
338,2025-05-20 00:00:00-04:00,0.6,0.006477753781452983,0.016290544903568595,-0.03758692301534705,0.3976388647401212
339,2025-05-21 00:00:00-04:00,0.5666666666666667,0.005319247920823165,0.015902956281563112,-0.041983300638514146,0.3344817043224829
340,2025-05-22 00:00:00-04:00,0.6,0.006168282620672363,0.016261358217022362,-0.041983300638514146,0.3793214895306479
341,2025-05-23 00:00:00-04:00,0.6,0.005718738756326636,0.01687475972690923,-0.041983300638514146,0.33889304789373
342,2025-05-27 00:00:00-04:00,0.6,0.005185934709330659,0.016253456852261823,-0.041983300638514146,0.3190665688209574
343,2025-05-28 00:00:00-04:00,0.5666666666666667,0.00440055382903553,0.016440847768451877,-0.041983300638514146,0.26765978804813795
344,2025-05-29 00:00:00-04:00,0.5666666666666667,0.004474707603656669,0.016474608243655174,-0.041983300638514146,0.271612382976087
345,2025-05-30 00:00:00-04:00,0.6,0.004609974283126539,0.01642480429075451,-0.041983300638514146,0.2806714893839852
346,2025-06-02 00:00:00-04:00,0.5666666666666667,0.004259354187696324,0.016555305977732658,-0.041983300638514146,0.2572803059892262
347,2025-06-03 00:00:00-04:00,0.5666666666666667,0.0036613660990580375,0.015975230202784893,-0.041983300638514146,0.22919019335444488
348,2025-06-04 00:00:00-04:00,0.5333333333333333,0.002395091870488789,0.01568421916890666,-0.041983300638514146,0.15270711564889142
349,2025-06-05 00:00:00-04:00,0.5333333333333333,0.0017970015528547506,0.015071659939049499,-0.041983300638514146,0.11923050016533741
350,2025-06-06 00:00:00-04:00,0.5666666666666667,0.002781485211174806,0.015327684514686295,-0.041983300638514146,0.18146806247934663
351,2025-06-09 00:00:00-04:00,0.5666666666666667,0.003607873153437747,0.016182779234275788,-0.041983300638514146,0.222945212389484
352,2025-06-10 00:00:00-04:00,0.6,0.004036731367458141,0.016157936106519742,-0.041983300638514146,0.24982964042228864
353,2025-06-11 00:00:00-04:00,0.6,0.004052287110284023,0.016155234688556754,-0.041983300638514146,0.2508343077896839
354,2025-06-12 00:00:00-04:00,0.6,0.0037268105509836945,0.016518755145659363,-0.041983300638514146,0.22561085978461215
355,2025-06-13 00:00:00-04:00,0.5666666666666667,0.0022120836299492266,0.01635070276321782,-0.041983300638514146,0.13528981977003957
356,2025-06-16 00:00:00-04:00,0.5666666666666667,0.002564480523006082,0.016495397788194387,-0.041983300638514146,0.15546642499530738
357,2025-06-17 00:00:00-04:00,0.5666666666666667,0.00261302091016081,0.016396735675707926,-0.050884696040811896,0.15936226343101026
358,2025-06-18 00:00:00-04:00,0.5666666666666667,0.0026086187928506337,0.016399527835880303,-0.058006041935859544,0.1590667011243624
359,2025-06-20 00:00:00-04:00,0.5666666666666667,0.0027134544131040884,0.01651555398323307,-0.058006041935859544,0.1642969055630131
360,2025-06-23 00:00:00-04:00,0.5333333333333333,0.0009038490269277672,0.01595557576418344,-0.058006041935859544,0.05664784776721742
361,2025-06-24 00:00:00-04:00,0.5333333333333333,0.0009850045177312295,0.016041549639981507,-0.058006041935859544,0.06140332697510918
362,2025-06-25 00:00:00-04:00,0.5333333333333333,0.0013942852116575648,0.01639689548140659,-0.058006041935859544,0.08503348778667447
363,2025-06-26 00:00:00-04:00,0.5,0.0005732765758006522,0.016109378277238826,-0.058006041935859544,0.035586511529786535
364,2025-06-27 00:00:00-04:00,0.5,0.0005712152124403832,0.016110461278886996,-0.058006041935859544,0.03545616742761857
365,2025-06-30 00:00:00-04:00,0.5333333333333333,0.0011340735491943226,0.016094574284188375,-0.058006041935859544,0.07046309701452984
366,2025-07-01 00:00:00-04:00,0.5,0.0006717732595530291,0.016226522248931615,-0.058006041935859544,0.041399706557408496
367,2025-07-02 00:00:00-04:00,0.5333333333333333,0.0018969272950263363,0.016345157246727266,-0.058006041935859544,0.11605439252694565
368,2025-07-03 00:00:00-04:00,0.5333333333333333,0.0020653534565611563,0.01625889402520222,-0.058006041935859544,0.12702914806872717
369,2025-07-07 00:00:00-04:00,0.5333333333333333,0.0019677028089593817,0.016319387483908748,-0.058006041935859544,0.12057455041738406
370,2025-07-08 00:00:00-04:00,0.5333333333333333,0.0013977021027918798,0.015775232279831748,-0.058006041935859544,0.08860104738862122
371,2025-07-09 00:00:00-04:00,0.5666666666666667,0.0023995151430531783,0.015136585627327384,-0.058006041935859544,0.1585242010404993
372,2025-07-10 00:00:00-04:00,0.5333333333333333,0.0016244855578281864,0.015003880834145557,-0.058006041935859544,0.10827102506247663
373,2025-07-11 00:00:00-04:00,0.5666666666666667,0.003206141854336869,0.016113523130578913,-0.058006041935859544,0.19897211977512963
374,2025-07-14 00:00:00-04:00,0.5666666666666667,0.003744925435685036,0.016704519180823156,-0.058006041935859544,0.22418636508761192
375,2025-07-15 00:00:00-04:00,0.5333333333333333,0.0031033676568837905,0.017187452882465006,-0.058006041935859544,0.18056006774860225
376,2025-07-16 00:00:00-04:00,0.5666666666666667,0.004022140025634015,0.017377797638799257,-0.058006041935859544,0.2314528060019423
377,2025-07-17 00:00:00-04:00,0.5333333333333333,0.0032834485724446993,0.01757415197311696,-0.058006041935859544,0.18683396942665365
378,2025-07-18 00:00:00-04:00,0.5333333333333333,0.0036375663372462948,0.01735183413011549,-0.058006041935859544,0.20963584079754474
379,2025-07-21 00:00:00-04:00,0.5333333333333333,0.0036174719639003373,0.017346537355082296,-0.058006041935859544,0.2085414448919091
380,2025-07-22 00:00:00-04:00,0.5333333333333333,0.0036383943933202415,0.017368438089059423,-0.058006041935859544,0.2094831080759131
381,2025-07-23 00:00:00-04:00,0.5,0.0022378486113278136,0.01673948113944958,-0.058006041935859544,0.1336868564016553
382,2025-07-24 00:00:00-04:00,0.5,0.002023532879935429,0.016686362631148418,-0.058006041935859544,0.12126866259984677
383,2025-07-25 00:00:00-04:00,0.4666666666666667,0.0011913557693131178,0.017320470162990598,-0.040151056205379405,0.06878310797005611
384,2025-07-28 00:00:00-04:00,0.5,0.002330530267604348,0.017094174121974726,-0.03625287783188255,0.13633476826519678
385,2025-07-29 00:00:00-04:00,0.5333333333333333,0.003176796991427629,0.016676889202053853,-0.03625287783188255,0.19049098143773652
386,2025-07-30 00:00:00-04:00,0.5333333333333333,0.00273200771357169,0.0165504150852438,-0.030963212492112206,0.1650718546634835
387,2025-07-31 00:00:00-04:00,0.5666666666666667,0.004068502234806312,0.015484428697221086,-0.030963212492112206,0.2627479718083797
388,2025-08-01 00:00:00-04:00,0.5666666666666667,0.003975468904688987,0.015564567040845226,-0.030963212492112206,0.25541789207861587
389,2025-08-04 00:00:00-04:00,0.5666666666666667,0.003537615359977491,0.015225735828858993,-0.030963212492112206,0.2323444593904134
390,2025-08-05 00:00:00-04:00,0.5666666666666667,0.0040397898381122335,0.014643624930754991,-0.030963212492112206,0.2758736212662578
391,2025-08-06 00:00:00-04:00,0.5666666666666667,0.0034975537224764966,0.0143869089085953,-0.030963212492112206,0.24310668432653534
392,2025-08-07 00:00:00-04:00,0.5666666666666667,0.003138777840769698,0.014067563151216194,-0.030963212492112206,0.22312164566315373
393,2025-08-08 00:00:00-04:00,0.5666666666666667,0.003102011978296703,0.014093227342862747,-0.030963212492112206,0.22010657337956444
394,2025-08-11 00:00:00-04:00,0.6,0.004231950389297993,0.014553633268671883,-0.030963212492112206,0.29078308565103667
395,2025-08-12 00:00:00-04:00,0.6,0.0039744243670705014,0.014537330935665968,-0.030963212492112206,0.27339436548972185
396,2025-08-13 00:00:00-04:00,0.6333333333333333,0.004611713678269113,0.014298459230095262,-0.030963212492112206,0.32253221162196427
397,2025-08-14 00:00:00-04:00,0.6,0.002643846644734952,0.015910348907241804,-0.0377931704422167,0.16617150636662473
398,2025-08-15 00:00:00-04:00,0.6333333333333333,0.002895179962465233,0.015868408361805027,-0.0377931704422167,0.18244929777795982
399,2025-08-18 00:00:00-04:00,0.6333333333333333,0.002834117536905435,0.01592000797701483,-0.044616435811491786,0.1780223691468817
400,2025-08-19 00:00:00-04:00,0.6,0.002406309284347624,0.015950436131045048,-0.049287078722435665,0.1508616607456969
401,2025-08-20 00:00:00-04:00,0.6,0.0022437908774109437,0.015922602186666735,-0.049287078722435665,0.14091860432774292
402,2025-08-21 00:00:00-04:00,0.6,0.0021919955818452547,0.01595660020314877,-0.05514672259121151,0.13737234460588293
403,2025-08-22 00:00:00-04:00,0.6,0.0010198281425661572,0.014565860772114244,-0.05514672259121151,0.07001495884943355
404,2025-08-25 00:00:00-04:00,0.5666666666666667,-0.0013605775032701543,0.015638630048798653,-0.09382968227556546,-0.08700106716666481
405,2025-08-26 00:00:00-04:00,0.5666666666666667,-0.0009986749523668626,0.01535057028651285,-0.10077299833708339,-0.06505784044025435
406,2025-08-27 00:00:00-04:00,0.5666666666666667,-0.0016222740881381115,0.014804541546242028,-0.10077299833708339,-0.10957948836652143
407,2025-08-28 00:00:00-04:00,0.6,-0.0009358434573979599,0.014788101111905106,-0.10077299833708339,-0.06328354467664293
408,2025-08-29 00:00:00-04:00,0.6,-0.0013009902716268156,0.0149452383966178,-0.10267298416030783,-0.08705048638911224
409,2025-09-02 00:00:00-04:00,0.6,-0.0011888976167516792,0.015027821688363176,-0.10267298416030783,-0.07911310377553286
410,2025-09-03 00:00:00-04:00,0.6,-0.0017589247109383143,0.014450559011772833,-0.10267298416030783,-0.12172018463128817
411,2025-09-04 00:00:00-04:00,0.6,-0.0018490222098678675,0.014516290160676562,-0.10267298416030783,-0.12737567170410502
412,2025-09-05 00:00:00-04:00,0.6,-0.00100694417390328,0.015501762193218886,-0.10267298416030783,-0.06495675532577576
413,2025-09-08 00:00:00-04:00,0.6333333333333333,-5.49528924189158e-05,0.014946158150252168,-0.10267298416030783,-0.003676723601241209
414,2025-09-09 00:00:00-04:00,0.6333333333333333,-0.00037049016644498156,0.014703428817725633,-0.10267298416030783,-0.025197535284990077
415,2025-09-10 00:00:00-04:00,0.6333333333333333,0.00010367709971050148,0.015184140740213316,-0.10267298416030783,0.0068279859548407325
416,2025-09-11 00:00:00-04:00,0.6333333333333333,0.0001177705821373825,0.01518505269091746,-0.10267298416030783,0.007755691371938662
417,2025-09-12 00:00:00-04:00,0.6333333333333333,-0.0001102101972847338,0.015065386088843766,-0.10267298416030783,-0.007315457873751191
418,2025-09-15 00:00:00-04:00,0.6333333333333333,-0.000285625729784527,0.01521799304099713,-0.10267298416030783,-0.018768948639617193
419,2025-09-16 00:00:00-04:00,0.6333333333333333,-0.0005468455783071812,0.01512532001014886,-0.10267298416030783,-0.036154314615509366
420,2025-09-17 00:00:00-04:00,0.6333333333333333,-0.0005437857904698934,0.015124310787335948,-0.10267298416030783,-0.03595441789818429
421,2025-09-18 00:00:00-04:00,0.6333333333333333,-8.845170075134657e-05,0.015415029163137492,-0.10267298416030783,-0.005738017088080785
422,2025-09-19 00:00:00-04:00,0.6,-0.0008038489163541189,0.015420154022657444,-0.10267298416030783,-0.05212975922114603
423,2025-09-22 00:00:00-04:00,0.6,-0.0011886712829750424,0.015719513279641273,-0.10267298416030783,-0.07561756282330445
424,2025-09-23 00:00:00-04:00,0.6,-0.0018035625045680914,0.014950879509119823,-0.10267298416030783,-0.12063253559551089
425,2025-09-24 00:00:00-04:00,0.6,-0.0014327058578826135,0.015162652341440881,-0.10267298416030783,-0.09448913195529127
426,2025-09-25 00:00:00-04:00,0.5666666666666667,-0.0022650101267597273,0.015276212964490408,-0.07111490968613338,-0.14827039476503426
427,2025-09-26 00:00:00-04:00,0.5666666666666667,-0.001058311901992837,0.013718761687024876,-0.07111490968613338,-0.07714339866358216
428,2025-09-29 00:00:00-04:00,0.5666666666666667,-0.0002397984720931338,0.014725132065126238,-0.06076779057647764,-0.016284979383040802
429,2025-09-30 00:00:00-04:00,0.5666666666666667,-0.00017102595679244705,0.014677718588281964,-0.058529258185861625,-0.011652080380460936
430,2025-10-01 00:00:00-04:00,0.6,0.0006519274147353256,0.015090190781095025,-0.058529258185861625,0.0432020657785228
431,2025-10-02 00:00:00-04:00,0.6,0.0010704118116073669,0.015316334040241405,-0.05174731959704454,0.06988694610570768
432,2025-10-03 00:00:00-04:00,0.6,0.0012728852656634958,0.015222955474597457,-0.05174731959704454,0.08361617215445183
433,2025-10-06 00:00:00-04:00,0.6,0.0017881973673696688,0.015491142135895917,-0.03370665104734723,0.11543353948228749
434,2025-10-07 00:00:00-04:00,0.6,0.003047126745380898,0.013125601133646093,-0.03370665104734723,0.23215140505602522
435,2025-10-08 00:00:00-04:00,0.6333333333333333,0.0035131707063475234,0.012979237318056626,-0.03370665104734723,0.2706762054084661
436,2025-10-09 00:00:00-04:00,0.6333333333333333,0.0034794015532587275,0.01298436446152192,-0.03370665104734723,0.26796856816285797
437,2025-10-10 00:00:00-04:00,0.6333333333333333,0.003464772154685651,0.01297855489627903,-0.03370665104734723,0.266961320607351
438,2025-10-13 00:00:00-04:00,0.6333333333333333,0.003259864285478976,0.013288696987046128,-0.03370665104734723,0.24531105560287092
439,2025-10-14 00:00:00-04:00,0.6,0.0014142980213376227,0.015773375417764322,-0.062303549514966736,0.08966362518353613
440,2025-10-15 00:00:00-04:00,0.5666666666666667,0.0009375118198734886,0.01589558132276631,-0.07157308980614778,0.058979398163359106
441,2025-10-16 00:00:00-04:00,0.5666666666666667,0.0013369358012418444,0.01567266097864414,-0.0728595276225864,0.08530368921165195
442,2025-10-17 00:00:00-04:00,0.5333333333333333,-0.0004446211834207293,0.015553079696221632,-0.0962746864216306,-0.028587340392060283
443,2025-10-20 00:00:00-04:00,0.5333333333333333,0.0007049283027747248,0.01717184328163654,-0.0962746864216306,0.04105140556043687
444,2025-10-21 00:00:00-04:00,0.5,-0.0001398433088760641,0.017518276635839145,-0.0962746864216306,-0.007982709246066514
445,2025-10-22 00:00:00-04:00,0.4666666666666667,-0.0019538839790526623,0.017997999546729572,-0.10872699590609251,-0.10856117503390558
446,2025-10-23 00:00:00-04:00,0.4666666666666667,-0.0015945992561502743,0.01817136354212248,-0.10872699590609251,-0.08775341775832522
447,2025-10-24 00:00:00-04:00,0.4666666666666667,-0.0014182647415918845,0.018255593660938815,-0.10872699590609251,-0.07768932459460474
448,2025-10-27 00:00:00-04:00,0.5,0.00044376686502922653,0.019565007476931535,-0.10872699590609251,0.022681660896498895
449,2025-10-28 00:00:00-04:00,0.5,0.0004438868955487839,0.01956501018357472,-0.10872699590609251,0.022687792716889935
450,2025-10-29 00:00:00-04:00,0.5,0.0006120321695954492,0.019535403713532563,-0.10872699590609251,0.031329384258974
451,2025-10-30 00:00:00-04:00,0.4666666666666667,-0.0005738520499676052,0.01965243254867344,-0.10872699590609251,-0.029200051878887676
452,2025-10-31 00:00:00-04:00,0.5,0.0008715530797344002,0.020417290151451203,-0.10872699590609251,0.042687010532220536
453,2025-11-03 00:00:00-05:00,0.5,0.0007933870605090016,0.02049824668024904,-0.10872699590609251,0.038705118193033794
454,2025-11-04 00:00:00-05:00,0.4666666666666667,-0.00038210365620356133,0.021084692026304405,-0.10872699590609251,-0.018122325700885948
455,2025-11-05 00:00:00-05:00,0.4666666666666667,-0.00017075472996485387,0.02124689708929659,-0.10872699590609251,-0.008036690216326876
456,2025-11-06 00:00:00-05:00,0.4666666666666667,7.314783994686736e-05,0.021096338161551476,-0.10872699590609251,0.0034673240155099925
457,2025-11-07 00:00:00-05:00,0.4666666666666667,-9.971990844803422e-05,0.02113215344167116,-0.10872699590609251,-0.004718871113787835
458,2025-11-10 00:00:00-05:00,0.4666666666666667,-0.0002542786097230411,0.020931528109013744,-0.10872699590609251,-0.012148114958388589
459,2025-11-11 00:00:00-05:00,0.4666666666666667,-0.0004380671715903901,0.021034660892666826,-0.10872699590609251,-0.020825967854947
460,2025-11-12 00:00:00-05:00,0.4666666666666667,-0.00046491125306201083,0.021008445533260135,-0.10872699590609251,-0.02212973122290143
461,2025-11-13 00:00:00-05:00,0.4666666666666667,-0.0006675469748494402,0.020882274375982515,-0.10872699590609251,-0.031967158501528495
462,2025-11-14 00:00:00-05:00,0.4666666666666667,-0.001486851957058852,0.021435501738673327,-0.10872699590609251,-0.06936399134415015
463,2025-11-17 00:00:00-05:00,0.43333333333333335,-0.002115813249708236,0.021149694653942026,-0.10872699590609251,-0.1000398958154167
464,2025-11-18 00:00:00-05:00,0.43333333333333335,-0.0020141928111375865,0.02114423396977538,-0.10872699590609251,-0.09525967287425849
465,2025-11-19 00:00:00-05:00,0.4,-0.0028355188878506294,0.021287874984922524,-0.10872699590609251,-0.13319877582233694
466,2025-11-20 00:00:00-05:00,0.4,-0.002135987491811768,0.021760682841524954,-0.10872699590609251,-0.09815810962217406
467,2025-11-21 00:00:00-05:00,0.36666666666666664,-0.003417800277128758,0.022255605684935367,-0.09155352505588943,-0.15357031057762846
468,2025-11-24 00:00:00-05:00,0.4,-0.002269028977498359,0.022316803414131253,-0.06572495562487109,-0.10167356567121905
469,2025-11-25 00:00:00-05:00,0.4,-0.0015220770537667312,0.02121056993518012,-0.07193616130378645,-0.07176030905431706
470,2025-11-26 00:00:00-05:00,0.4,-0.0012256695215732895,0.021151517484593655,-0.07287020817027652,-0.05794711998635762
471,2025-11-28 00:00:00-05:00,0.43333333333333335,-3.0151545956183524e-05,0.022132908133929378,-0.07287020817027652,-0.0013622948133942556
472,2025-12-01 00:00:00-05:00,0.43333333333333335,-0.000882023462560163,0.02358200552580239,-0.08960354213145481,-0.037402394024337406
473,2025-12-02 00:00:00-05:00,0.43333333333333335,-0.0009527584290868902,0.023459109276594062,-0.08960354213145481,-0.04061358075677192
474,2025-12-03 00:00:00-05:00,0.4666666666666667,0.0002503342348867251,0.023413046680671488,-0.08960354213145481,0.010692082850259172
475,2025-12-04 00:00:00-05:00,0.4666666666666667,0.0012895106813126747,0.02257243427661377,-0.08960354213145481,0.05712767464555985
476,2025-12-05 00:00:00-05:00,0.43333333333333335,0.00014494201405874826,0.02287647644553342,-0.08960354213145481,0.00633585396788883
477,2025-12-08 00:00:00-05:00,0.43333333333333335,0.0005727798847000677,0.023176465005461097,-0.08960354213145481,0.024713858846252133
478,2025-12-09 00:00:00-05:00,0.4,-0.0009647458137550778,0.021947633753437727,-0.08960354213145481,-0.04395671189856477
479,2025-12-10 00:00:00-05:00,0.36666666666666664,-0.001416671113578798,0.022047862334382738,-0.08960354213145481,-0.06425435228564348
480,2025-12-11 00:00:00-05:00,0.36666666666666664,-0.0022585262227043045,0.022480782455298717,-0.08960354213145481,-0.10046475149142196
481,2025-12-12 00:00:00-05:00,0.4,-0.0014762488116274624,0.02226241224451743,-0.08960354213145481,-0.06631126921077561
